category,algorithm,arm,seed,repository_path,sha256,archive_script_name,linkage_status
primary,DDPG,GF,1,code/primary/DDPG_GF_MS01.m,90df1d371cc15de120d9648b42f02211cb054fd4dbc75b2dd4817bae92d92513,DDPG_Quadcopter_v13_6_GF_MS01.m,archived source hash matched; executed self-hash absent
primary,DDPG,GF,2,code/primary/DDPG_GF_MS02.m,0a550ad148f2544ce0beebda24d5d283a7a1ca810fed95ed7ffd7c5737bd8592,DDPG_Quadcopter_v13_6_GF_MS02.m,archived source hash matched; executed self-hash absent
primary,DDPG,GF,3,code/primary/DDPG_GF_MS03.m,f09f3966145643d3ea01d05d53acb2a88773383fdc14287ce381b10554e73149,DDPG_Quadcopter_v13_6_GF_MS03.m,archived source hash matched; executed self-hash absent
primary,DDPG,GF,4,code/primary/DDPG_GF_MS04.m,71e880ddb198712dc315a26d6f2de6e02af642a26f5b3b03958cade86b5213c9,DDPG_Quadcopter_v13_6_GF_MS04.m,archived source hash matched; executed self-hash absent
primary,DDPG,GF,5,code/primary/DDPG_GF_MS05.m,43f973a78eeb306a6d28dbc29499baa2fe9d3258510d868fc088437d1252db3f,DDPG_Quadcopter_v13_6_GF_MS05.m,archived source hash matched; executed self-hash absent
primary,DDPG,PG,1,code/primary/DDPG_PG_MS01.m,430b389a89114df27e4bff70035c11005c3b6bd8be4523246cb67d0db11dbc49,DDPG_Quadcopter_RLToolbox_v13_6_GoalFrameControl.m,archived source hash matched; executed self-hash absent
primary,DDPG,PG,2,code/primary/DDPG_PG_MS02.m,d86d8df35af273153334a21911244b1054e73d71c237df9b20a454207025e430,DDPG_Quadcopter_v13_6_MS02.m,archived source hash matched; executed self-hash absent
primary,DDPG,PG,3,code/primary/DDPG_PG_MS03.m,23789d907906350e548a246305b68a1933a2dd7860d7aafede1ea8bdf8655fb6,DDPG_Quadcopter_v13_6_MS03.m,archived source hash matched; executed self-hash absent
primary,DDPG,PG,4,code/primary/DDPG_PG_MS04.m,cf86709ec87969e001579c2f4f3b2fc25dc4bf02d7d0af8f621e6ec2a21eee29,DDPG_Quadcopter_v13_6_MS04.m,archived source hash matched; executed self-hash absent
primary,DDPG,PG,5,code/primary/DDPG_PG_MS05.m,f73a0a606c086694875367fa6d0b0c56bcc6100b13615397243a5b936573b5f5,DDPG_Quadcopter_v13_6_MS05.m,archived source hash matched; executed self-hash absent
primary,SAC,GF,1,code/primary/SAC_GF_MS01.m,4c13d37d705a88d38e87d0121121cf0213f1cd578dcb573e7862e358a8de3ea2,SAC_Quadcopter_v13_6_GF_MS01.m,archived source hash matched; executed self-hash absent
primary,SAC,GF,2,code/primary/SAC_GF_MS02.m,06146023e05775558b9eb5d95915e10b6e920942204d74a0c08d6d5519fabe5d,SAC_Quadcopter_v13_6_GF_MS02.m,archived source hash matched; executed self-hash absent
primary,SAC,GF,3,code/primary/SAC_GF_MS03.m,8dddffbdeeb13fb4653e474d419bef500c2ec5137817a67051cbf792165b3950,SAC_Quadcopter_v13_6_GF_MS03.m,archived source hash matched; executed self-hash absent
primary,SAC,GF,4,code/primary/SAC_GF_MS04.m,598dcf22c841b8d151f6986f0af05443d55ca44ad24d69b8809db119105d65ed,SAC_Quadcopter_v13_6_GF_MS04.m,archived source hash matched; executed self-hash absent
primary,SAC,GF,5,code/primary/SAC_GF_MS05.m,3925efd27cf6f15628174fc26587375837b021f5049ee09cf3b535c1b9d76dba,SAC_Quadcopter_v13_6_GF_MS05.m,archived source hash matched; executed self-hash absent
primary,SAC,PG,1,code/primary/SAC_PG_MS01.m,0b5a9f425cbc4532b30ee55920a884f94a76958d840af5eba2a5a5e6065bdca7,SAC_Quadcopter_RLToolbox_v13_6_GoalFrameControl.m,archived source hash matched; executed self-hash absent
primary,SAC,PG,2,code/primary/SAC_PG_MS02.m,f8a7cfb27d7930271d88b583fe8212eb5c7824a0f050e497682765f0c96e1305,SAC_Quadcopter_v13_6_MS02.m,archived source hash matched; executed self-hash absent
primary,SAC,PG,3,code/primary/SAC_PG_MS03.m,9f8bd38003c9a8889c195f33f6bdf6ce62b9715f9dc36dcd0ad33e5c0dbb62f2,SAC_Quadcopter_v13_6_MS03.m,archived source hash matched; executed self-hash absent
primary,SAC,PG,4,code/primary/SAC_PG_MS04.m,deca9198e1799e1ece6a9b6cacc2d16bdb0ac6579d511ac5836aa79bdd69c12b,SAC_Quadcopter_v13_6_MS04.m,archived source hash matched; executed self-hash absent
primary,SAC,PG,5,code/primary/SAC_PG_MS05.m,4214b5d54d4170f2746a3d4ad89223e910e7897ebd7c80a084b3947fde47a6a3,SAC_Quadcopter_v13_6_MS05.m,archived source hash matched; executed self-hash absent
primary,TD3,GF,1,code/primary/TD3_GF_MS01.m,32af71b6f05b932a43e90b220a871a5bed58aa0ce98f91a2b2b63c850eb91070,TD3_Quadcopter_v13_6_GF_MS01.m,archived source hash matched; executed self-hash absent
primary,TD3,GF,2,code/primary/TD3_GF_MS02.m,5bf0100eb34b0669fa3701823079e91a5be570f3b72a1bc28813ba3ddbe4a92f,TD3_Quadcopter_v13_6_GF_MS02.m,archived source hash matched; executed self-hash absent
primary,TD3,GF,3,code/primary/TD3_GF_MS03.m,e113dc411a1fae9426157c08bf5d6a62beea1a3fb03dae62d8967d4482af28e4,TD3_Quadcopter_v13_6_GF_MS03.m,archived source hash matched; executed self-hash absent
primary,TD3,GF,4,code/primary/TD3_GF_MS04.m,97e9ce2fb7b9c7cb50808dc78fbff749877e7f2c1410c8549348778154b6cd33,TD3_Quadcopter_v13_6_GF_MS04.m,archived source hash matched; executed self-hash absent
primary,TD3,GF,5,code/primary/TD3_GF_MS05.m,4b0d82622b757a485c1223029bced63749c5804165a3bf8243cf75f58f6ec962,TD3_Quadcopter_v13_6_GF_MS05.m,archived source hash matched; executed self-hash absent
primary,TD3,PG,1,code/primary/TD3_PG_MS01.m,f0daa622ad7e92b56e77e394d5672d48faa5421bdc9c49f5f82f8b3c36785567,TD3_Quadcopter_RLToolbox_v13_6_GoalFrameControl.m,archived source hash matched; executed self-hash absent
primary,TD3,PG,2,code/primary/TD3_PG_MS02.m,67e7fac4afc377064974691528e1b8ed0cc7a8d50d0c4e73ac3a1d21095c92c1,TD3_Quadcopter_v13_6_MS02.m,archived source hash matched; executed self-hash absent
primary,TD3,PG,3,code/primary/TD3_PG_MS03.m,e86bba3cac83b93471f402a29b80e2a2a134ee32934bbf47f409b16393ee8bc8,TD3_Quadcopter_v13_6_MS03.m,archived source hash matched; executed self-hash absent
primary,TD3,PG,4,code/primary/TD3_PG_MS04.m,7e1b240ce234c8ced7f2c675317b03af3dea6dc11355568d3fb7538d35a23547,TD3_Quadcopter_v13_6_MS04.m,archived source hash matched; executed self-hash absent
primary,TD3,PG,5,code/primary/TD3_PG_MS05.m,a00879d2d2a41efe5f12c41e82aa434270b601fe3eb573a93e50c4b9854cf5a6,TD3_Quadcopter_v13_6_MS05.m,archived source hash matched; executed self-hash absent
ablation,DDPG,A1,1,code/ablation/DDPG_A1_MS01.m,4d4023adb39e4f33a7cdbe4292dd81ab95b05bf44d883c7edf62c112b9b2f177,DDPG_A1_MS01_v13_6_HistoricalBudget.m,archived source hash matched; executed self-hash absent
ablation,DDPG,A1,3,code/ablation/DDPG_A1_MS03.m,d4a10fb26e07e40d7dd1e3450a3cc7e78f3de9173e44a328b9fdc5b8047146dc,DDPG_A1_MS03_v13_6_HistoricalBudget.m,archived source hash matched; executed self-hash absent
ablation,DDPG,A1,5,code/ablation/DDPG_A1_MS05.m,85ba5e53c988d597d9f1d11112baaf4b93efc614b974b9a9c02edebf8cae2d5b,DDPG_A1_MS05_v13_6_HistoricalBudget.m,archived source hash matched; executed self-hash absent
ablation,DDPG,A2,1,code/ablation/DDPG_A2_MS01.m,62afcff634a0343464b64b3502033f9c9a8110907f2bbedf2a6e676787387806,DDPG_A2_MS01_v13_6_HistoricalBudget.m,archived source hash matched; executed self-hash absent
ablation,DDPG,A2,3,code/ablation/DDPG_A2_MS03.m,90cb5834f393f0f0296b9999d2a69032f91e125b10228f02e968483f400b1358,DDPG_A2_MS03_v13_6_HistoricalBudget.m,archived source hash matched; executed self-hash absent
ablation,DDPG,A2,5,code/ablation/DDPG_A2_MS05.m,f3351814391d24920f0343bf368aa3c2e24d72683d23de5bb68500e7f8339a6f,DDPG_A2_MS05_v13_6_HistoricalBudget.m,archived source hash matched; executed self-hash absent
ablation,DDPG,A3,1,code/ablation/DDPG_A3_MS01.m,cc1d0b9228f029690474427f7d64ba840ce95e17d893eb1a802d95b2f5575447,DDPG_A3_MS01_v13_6_HistoricalBudget.m,archived source hash matched; executed self-hash absent
ablation,DDPG,A3,3,code/ablation/DDPG_A3_MS03.m,2a404ac27bfefeaf6faf3f67ce3a2ceb0118f970d1e21b88c2ff0a1ce0e4c2c5,DDPG_A3_MS03_v13_6_HistoricalBudget.m,archived source hash matched; executed self-hash absent
ablation,DDPG,A3,5,code/ablation/DDPG_A3_MS05.m,4939eb407686b9e327b94b3e2eb16e88002bbd9e1af214d274da881e24286929,DDPG_A3_MS05_v13_6_HistoricalBudget.m,archived source hash matched; executed self-hash absent
ablation,DDPG,A4,1,code/ablation/DDPG_A4_MS01.m,bba41909fde11fcfb4365c03d77a7e23a136fa74c88beaf27d43b34c743df775,DDPG_A4_MS01_v13_6_HistoricalBudget.m,archived source hash matched; executed self-hash absent
ablation,DDPG,A4,3,code/ablation/DDPG_A4_MS03.m,d401a8b088025c88f6c73e161df61668701ba2370004a8ac956f222d6f5f77c1,DDPG_A4_MS03_v13_6_HistoricalBudget.m,archived source hash matched; executed self-hash absent
ablation,DDPG,A4,5,code/ablation/DDPG_A4_MS05.m,bfcda2d2849836b03ffe51855ddeb70827f7c96e65644aff6b9cff4440da86e6,DDPG_A4_MS05_v13_6_HistoricalBudget.m,archived source hash matched; executed self-hash absent
ablation,SAC,A1,1,code/ablation/SAC_A1_MS01.m,46ff9404d2c7d72320b1ca2e92e96641d919ccad47ebd12b31fafe1f5f756bff,SAC_A1_MS01_v13_6_HistoricalBudget.m,archived source hash matched; executed self-hash absent
ablation,SAC,A1,3,code/ablation/SAC_A1_MS03.m,9e4acbcb3b421bd79442b291b180f52553aed92d2fb585a046d31064c2ea6962,SAC_A1_MS03_v13_6_HistoricalBudget.m,archived source hash matched; executed self-hash absent
ablation,SAC,A1,5,code/ablation/SAC_A1_MS05.m,78585da52d68ee671ec784fac2063ed063e6811b02a663096fe333abb60d3af3,SAC_A1_MS05_v13_6_HistoricalBudget.m,local source hashed for this package; historical ledger hash absent
ablation,SAC,A2,1,code/ablation/SAC_A2_MS01.m,88c1a9e0af23f51744cb4e3f461c7a39859b6401943b30d54d86312498f4c889,SAC_A2_MS01_v13_6_HistoricalBudget.m,archived source hash matched; executed self-hash absent
ablation,SAC,A2,3,code/ablation/SAC_A2_MS03.m,65811c6fbc4519b546a916a1fbf5f9d9f4b02c80d92abb7929648188b2e43de7,SAC_A2_MS03_v13_6_HistoricalBudget.m,archived source hash matched; executed self-hash absent
ablation,SAC,A2,5,code/ablation/SAC_A2_MS05.m,af16484b8ae4d02e6113ab821d26b6ec6a740e66afa7355e1c9f8fec60b2b9c3,SAC_A2_MS05_v13_6_HistoricalBudget.m,archived source hash matched; executed self-hash absent
ablation,SAC,A3,1,code/ablation/SAC_A3_MS01.m,33ff602a3d321319d75110e1c4c06e36dc608ef490a515295ace76eea11e2167,SAC_A3_MS01_v13_6_HistoricalBudget.m,archived source hash matched; executed self-hash absent
ablation,SAC,A3,3,code/ablation/SAC_A3_MS03.m,6e184b755e61cdac6911ef96a82bda8181a16eb745dc86ce0ba987de80c08f73,SAC_A3_MS03_v13_6_HistoricalBudget.m,archived source hash matched; executed self-hash absent
ablation,SAC,A3,5,code/ablation/SAC_A3_MS05.m,54047333ec815ab0bf274b0a49a6856b0a890027a6bea2db41a12e777a01e4d8,SAC_A3_MS05_v13_6_HistoricalBudget.m,archived source hash matched; executed self-hash absent
ablation,SAC,A4,1,code/ablation/SAC_A4_MS01.m,25ac42ca2c38cd68da3957c6ff00e622d91aee02fad78bf7102c2e419b833fd4,SAC_A4_MS01_v13_6_HistoricalBudget.m,archived source hash matched; executed self-hash absent
ablation,SAC,A4,3,code/ablation/SAC_A4_MS03.m,569637140e3e1830bb2f86b7ae69a9968c2997b79c898174ea567beea4ef42cc,SAC_A4_MS03_v13_6_HistoricalBudget.m,archived source hash matched; executed self-hash absent
ablation,SAC,A4,5,code/ablation/SAC_A4_MS05.m,0a1c12d2d34e1c66954d55b9a5f0e3d19b950e71fc1776922a6e2ec330fac22b,SAC_A4_MS05_v13_6_HistoricalBudget.m,archived source hash matched; executed self-hash absent
ablation,TD3,A1,1,code/ablation/TD3_A1_MS01.m,a55ef3d2f5bf44bb59c683683047d41dedf0c946d3f617238d17ec3c4db55245,TD3_A1_MS01_v13_6_HistoricalBudget.m,archived source hash matched; executed self-hash absent
ablation,TD3,A1,3,code/ablation/TD3_A1_MS03.m,dabfa546810e3f5b54b31a602368c66c1cc98ef5bb98275fa79422abe6ff0e3f,TD3_A1_MS03_v13_6_HistoricalBudget.m,archived source hash matched; executed self-hash absent
ablation,TD3,A1,5,code/ablation/TD3_A1_MS05.m,210a62b3e9da6f121a8d160b9c9f9f510e7d3f75b585fb64c47000339988c0b2,TD3_A1_MS05_v13_6_HistoricalBudget.m,archived source hash matched; executed self-hash absent
ablation,TD3,A2,1,code/ablation/TD3_A2_MS01.m,b17f2f3697c74d369712068f704be1890073088509a1f0e2380c37d6a536af7a,TD3_A2_MS01_v13_6_HistoricalBudget.m,archived source hash matched; executed self-hash absent
ablation,TD3,A2,3,code/ablation/TD3_A2_MS03.m,7f32f725ab93193d3a4181a49634728e9f26c0e0ad3ef51b82927a7d5ad7380e,TD3_A2_MS03_v13_6_HistoricalBudget.m,archived source hash matched; executed self-hash absent
ablation,TD3,A2,5,code/ablation/TD3_A2_MS05.m,f1d58a00ed0480b4da0fbaf34941c6e257941afd84bdec824737950cdb2f1131,TD3_A2_MS05_v13_6_HistoricalBudget.m,archived source hash matched; executed self-hash absent
ablation,TD3,A3,1,code/ablation/TD3_A3_MS01.m,0b56323d2e6ce9ce3fc62bcbd16924df4c1789721990e77e99c2982ebfbe4e3d,TD3_A3_MS01_v13_6_HistoricalBudget.m,archived source hash matched; executed self-hash absent
ablation,TD3,A3,3,code/ablation/TD3_A3_MS03.m,b2dcd030202e526e1f970e71a839229d1047f8d52d103b130c70fdaff6252c86,TD3_A3_MS03_v13_6_HistoricalBudget.m,archived source hash matched; executed self-hash absent
ablation,TD3,A3,5,code/ablation/TD3_A3_MS05.m,3ed86086aa685dcf7d8e6fd028e40506836ce967102c31012e5260ffd0b87116,TD3_A3_MS05_v13_6_HistoricalBudget.m,archived source hash matched; executed self-hash absent
ablation,TD3,A4,1,code/ablation/TD3_A4_MS01.m,10f030aa198057ce63dd96b08712e7c6553411360aca3a6d426960baddabe6c5,TD3_A4_MS01_v13_6_HistoricalBudget.m,archived source hash matched; executed self-hash absent
ablation,TD3,A4,3,code/ablation/TD3_A4_MS03.m,e7a3214de7a425836881782ee12dddb9e1365c3c17a6131edf6dbbce0de9cb9f,TD3_A4_MS03_v13_6_HistoricalBudget.m,archived source hash matched; executed self-hash absent
ablation,TD3,A4,5,code/ablation/TD3_A4_MS05.m,bea260229aefc239080d56dc3ab23ba12594bf455657e6aa4fe932c8e30ec301,TD3_A4_MS05_v13_6_HistoricalBudget.m,archived source hash matched; executed self-hash absent
