relative_path,scenario_count,equals_reference,has_config,has_metadata
raw_mat/ablation/DDPG_A1_MS01/final_test.mat,100,1,1,1
raw_mat/ablation/DDPG_A1_MS03/final_test.mat,100,1,1,1
raw_mat/ablation/DDPG_A2_MS01/final_test.mat,100,1,1,1
raw_mat/ablation/DDPG_A2_MS03/final_test.mat,100,1,1,1
raw_mat/ablation/DDPG_A2_MS05/final_test.mat,100,1,1,1
raw_mat/ablation/DDPG_A4_MS01/final_test.mat,100,1,1,1
raw_mat/ablation/DDPG_A4_MS03/final_test.mat,100,1,1,1
raw_mat/ablation/SAC_A1_MS01/final_test.mat,100,1,1,1
raw_mat/ablation/SAC_A1_MS03/final_test.mat,100,1,1,1
raw_mat/ablation/SAC_A2_MS01/final_test.mat,100,1,1,1
raw_mat/ablation/SAC_A2_MS03/final_test.mat,100,1,1,1
raw_mat/ablation/SAC_A2_MS05/final_test.mat,100,1,1,1
raw_mat/ablation/SAC_A3_MS03/final_test.mat,100,1,1,1
raw_mat/ablation/SAC_A3_MS05/final_test.mat,100,1,1,1
raw_mat/ablation/SAC_A4_MS03/final_test.mat,100,1,1,1
raw_mat/ablation/SAC_A4_MS05/final_test.mat,100,1,1,1
raw_mat/ablation/TD3_A1_MS01/final_test.mat,100,1,1,1
raw_mat/ablation/TD3_A1_MS03/final_test.mat,100,1,1,1
raw_mat/ablation/TD3_A2_MS01/final_test.mat,100,1,1,1
raw_mat/ablation/TD3_A2_MS03/final_test.mat,100,1,1,1
raw_mat/ablation/TD3_A2_MS05/final_test.mat,100,1,1,1
raw_mat/ablation/TD3_A3_MS01/final_test.mat,100,1,1,1
raw_mat/ablation/TD3_A4_MS01/final_test.mat,100,1,1,1
raw_mat/ablation/TD3_A4_MS03/final_test.mat,100,1,1,1
raw_mat/ablation/TD3_A4_MS05/final_test.mat,100,1,1,1
raw_mat/primary/DDPG_GF_MS04/final_test.mat,100,1,1,1
raw_mat/primary/DDPG_PG_MS01/final_test.mat,100,1,1,1
raw_mat/primary/DDPG_PG_MS02/final_test.mat,100,1,1,1
raw_mat/primary/DDPG_PG_MS03/final_test.mat,100,1,1,1
raw_mat/primary/DDPG_PG_MS04/final_test.mat,100,1,1,1
raw_mat/primary/DDPG_PG_MS05/final_test.mat,100,1,1,1
raw_mat/primary/SAC_GF_MS01/final_test.mat,100,1,1,1
raw_mat/primary/SAC_GF_MS02/final_test.mat,100,1,1,1
raw_mat/primary/SAC_GF_MS04/final_test.mat,100,1,1,1
raw_mat/primary/SAC_GF_MS05/final_test.mat,100,1,1,1
raw_mat/primary/SAC_PG_MS01/final_test.mat,100,1,1,1
raw_mat/primary/SAC_PG_MS03/final_test.mat,100,1,1,1
raw_mat/primary/SAC_PG_MS05/final_test.mat,100,1,1,1
raw_mat/primary/TD3_GF_MS01/final_test.mat,100,1,1,1
raw_mat/primary/TD3_GF_MS03/final_test.mat,100,1,1,1
raw_mat/primary/TD3_GF_MS04/final_test.mat,100,1,1,1
raw_mat/primary/TD3_GF_MS05/final_test.mat,100,1,1,1
raw_mat/primary/TD3_PG_MS01/final_test.mat,100,1,1,1
raw_mat/primary/TD3_PG_MS02/final_test.mat,100,1,1,1
raw_mat/primary/TD3_PG_MS03/final_test.mat,100,1,1,1
raw_mat/primary/TD3_PG_MS04/final_test.mat,100,1,1,1
raw_mat/primary/TD3_PG_MS05/final_test.mat,100,1,1,1
