kind,cohort,run,bank_count,matching_scenarios,total_scenarios,exact_match
validation,primary,DDPG_GF_MS01,1,24,24,1
validation,primary,DDPG_GF_MS02,1,24,24,1
validation,primary,DDPG_GF_MS03,1,24,24,1
validation,primary,DDPG_GF_MS04,10,304,304,1
final_test,primary,DDPG_GF_MS04,1,100,100,1
validation,primary,DDPG_GF_MS05,1,24,24,1
validation,primary,DDPG_PG_MS01,10,304,304,1
final_test,primary,DDPG_PG_MS01,1,100,100,1
validation,primary,DDPG_PG_MS02,10,304,304,1
final_test,primary,DDPG_PG_MS02,1,100,100,1
validation,primary,DDPG_PG_MS03,10,304,304,1
final_test,primary,DDPG_PG_MS03,1,100,100,1
validation,primary,DDPG_PG_MS04,10,304,304,1
final_test,primary,DDPG_PG_MS04,1,100,100,1
validation,primary,DDPG_PG_MS05,10,304,304,1
final_test,primary,DDPG_PG_MS05,1,100,100,1
validation,primary,SAC_GF_MS01,10,304,304,1
final_test,primary,SAC_GF_MS01,1,100,100,1
validation,primary,SAC_GF_MS02,10,304,304,1
final_test,primary,SAC_GF_MS02,1,100,100,1
validation,primary,SAC_GF_MS03,10,304,304,1
validation,primary,SAC_GF_MS04,10,304,304,1
final_test,primary,SAC_GF_MS04,1,100,100,1
validation,primary,SAC_GF_MS05,10,304,304,1
final_test,primary,SAC_GF_MS05,1,100,100,1
validation,primary,SAC_PG_MS01,10,304,304,1
final_test,primary,SAC_PG_MS01,1,100,100,1
validation,primary,SAC_PG_MS02,10,304,304,1
validation,primary,SAC_PG_MS03,10,304,304,1
final_test,primary,SAC_PG_MS03,1,100,100,1
validation,primary,SAC_PG_MS04,10,304,304,1
validation,primary,SAC_PG_MS05,10,304,304,1
final_test,primary,SAC_PG_MS05,1,100,100,1
validation,primary,TD3_GF_MS01,10,304,304,1
final_test,primary,TD3_GF_MS01,1,100,100,1
validation,primary,TD3_GF_MS02,1,24,24,1
validation,primary,TD3_GF_MS03,10,304,304,1
final_test,primary,TD3_GF_MS03,1,100,100,1
validation,primary,TD3_GF_MS04,10,304,304,1
final_test,primary,TD3_GF_MS04,1,100,100,1
validation,primary,TD3_GF_MS05,10,304,304,1
final_test,primary,TD3_GF_MS05,1,100,100,1
validation,primary,TD3_PG_MS01,10,304,304,1
final_test,primary,TD3_PG_MS01,1,100,100,1
validation,primary,TD3_PG_MS02,10,304,304,1
final_test,primary,TD3_PG_MS02,1,100,100,1
validation,primary,TD3_PG_MS03,10,304,304,1
final_test,primary,TD3_PG_MS03,1,100,100,1
validation,primary,TD3_PG_MS04,10,304,304,1
final_test,primary,TD3_PG_MS04,1,100,100,1
validation,primary,TD3_PG_MS05,10,304,304,1
final_test,primary,TD3_PG_MS05,1,100,100,1
validation,ablation,DDPG_A1_MS01,10,304,304,1
final_test,ablation,DDPG_A1_MS01,1,100,100,1
validation,ablation,DDPG_A1_MS03,10,304,304,1
final_test,ablation,DDPG_A1_MS03,1,100,100,1
validation,ablation,DDPG_A1_MS05,1,24,24,1
validation,ablation,DDPG_A2_MS01,10,304,304,1
final_test,ablation,DDPG_A2_MS01,1,100,100,1
validation,ablation,DDPG_A2_MS03,10,304,304,1
final_test,ablation,DDPG_A2_MS03,1,100,100,1
validation,ablation,DDPG_A2_MS05,10,304,304,1
final_test,ablation,DDPG_A2_MS05,1,100,100,1
validation,ablation,DDPG_A3_MS01,1,24,24,1
validation,ablation,DDPG_A3_MS03,1,24,24,1
validation,ablation,DDPG_A3_MS05,1,24,24,1
validation,ablation,DDPG_A4_MS01,10,304,304,1
final_test,ablation,DDPG_A4_MS01,1,100,100,1
validation,ablation,DDPG_A4_MS03,10,304,304,1
final_test,ablation,DDPG_A4_MS03,1,100,100,1
validation,ablation,DDPG_A4_MS05,4,96,96,1
validation,ablation,SAC_A1_MS01,10,304,304,1
final_test,ablation,SAC_A1_MS01,1,100,100,1
validation,ablation,SAC_A1_MS03,10,304,304,1
final_test,ablation,SAC_A1_MS03,1,100,100,1
validation,ablation,SAC_A2_MS01,10,304,304,1
final_test,ablation,SAC_A2_MS01,1,100,100,1
validation,ablation,SAC_A2_MS03,10,304,304,1
final_test,ablation,SAC_A2_MS03,1,100,100,1
validation,ablation,SAC_A2_MS05,10,304,304,1
final_test,ablation,SAC_A2_MS05,1,100,100,1
validation,ablation,SAC_A3_MS01,10,304,304,1
validation,ablation,SAC_A3_MS03,10,304,304,1
final_test,ablation,SAC_A3_MS03,1,100,100,1
validation,ablation,SAC_A3_MS05,10,304,304,1
final_test,ablation,SAC_A3_MS05,1,100,100,1
validation,ablation,SAC_A4_MS01,10,304,304,1
validation,ablation,SAC_A4_MS03,10,304,304,1
final_test,ablation,SAC_A4_MS03,1,100,100,1
validation,ablation,SAC_A4_MS05,10,304,304,1
final_test,ablation,SAC_A4_MS05,1,100,100,1
validation,ablation,TD3_A1_MS01,10,304,304,1
final_test,ablation,TD3_A1_MS01,1,100,100,1
validation,ablation,TD3_A1_MS03,10,304,304,1
final_test,ablation,TD3_A1_MS03,1,100,100,1
validation,ablation,TD3_A1_MS05,10,304,304,1
validation,ablation,TD3_A2_MS01,10,304,304,1
final_test,ablation,TD3_A2_MS01,1,100,100,1
validation,ablation,TD3_A2_MS03,10,304,304,1
final_test,ablation,TD3_A2_MS03,1,100,100,1
validation,ablation,TD3_A2_MS05,10,304,304,1
final_test,ablation,TD3_A2_MS05,1,100,100,1
validation,ablation,TD3_A3_MS01,10,304,304,1
final_test,ablation,TD3_A3_MS01,1,100,100,1
validation,ablation,TD3_A3_MS03,1,24,24,1
validation,ablation,TD3_A3_MS05,1,24,24,1
validation,ablation,TD3_A4_MS01,10,304,304,1
final_test,ablation,TD3_A4_MS01,1,100,100,1
validation,ablation,TD3_A4_MS03,10,304,304,1
final_test,ablation,TD3_A4_MS03,1,100,100,1
validation,ablation,TD3_A4_MS05,10,304,304,1
final_test,ablation,TD3_A4_MS05,1,100,100,1
