cohort,run,relative_path,bytes,sha256,source_original
primary,DDPG_GF_MS04,checkpoints/primary/DDPG_GF_MS04/stage10_pass.mat,1158415,4a9b4fff8f7a2fad508e362854ab1a830b6d53c63990c1be75a29235c5fa3e03,D:\RL-Physics\RL_v13_6_GenericFixed_Baseline\Outputs\DDPG_v13_6_GF_MS04_Output\checkpoints\DDPG_v13_6_Stage10_Block04_SR075.0_SAT038.4.mat
primary,DDPG_PG_MS01,checkpoints/primary/DDPG_PG_MS01/stage10_pass.mat,1065973,46683a124faf81f1ca6414cd7a8660614a4dc21be6fb70f92f55db2a4559f8b6,D:\RL-Physics\RL_v13_6_FinalValidation_Phase1\DDPG\Outputs\Luaran DDPG V13.6\checkpoints\DDPG_v13_6_Stage10_Block01_SR072.9_SAT042.6.mat
primary,DDPG_PG_MS02,checkpoints/primary/DDPG_PG_MS02/stage10_pass.mat,1117751,626ddbf309e26c240f2b52b416b44242d52a50f8f52bd379ac9a939c25567336,D:\RL-Physics\RL_v13_6_FinalValidation_Phase1\DDPG\Outputs\DDPG_v13_6_MS02_Output\checkpoints\DDPG_v13_6_Stage10_Block01_SR100.0_SAT015.3.mat
primary,DDPG_PG_MS03,checkpoints/primary/DDPG_PG_MS03/stage10_pass.mat,1092915,ecac93403112337c87f4cd89906c44a13fd524ff2c39952fe3b3bfdab4c76ad2,D:\RL-Physics\RL_v13_6_FinalValidation_Phase1\DDPG\Outputs\DDPG_v13_6_MS03_Output\checkpoints\DDPG_v13_6_Stage10_Block01_SR100.0_SAT027.2.mat
primary,DDPG_PG_MS04,checkpoints/primary/DDPG_PG_MS04/stage10_pass.mat,1139352,92c7af5b349d6eb30c0f8b049af6028ad8d812db31bae0f8ca9050726611d875,D:\RL-Physics\RL_v13_6_FinalValidation_Phase1\DDPG\Outputs\DDPG_v13_6_MS04_Output\checkpoints\DDPG_v13_6_Stage10_Block02_SR100.0_SAT021.1.mat
primary,DDPG_PG_MS05,checkpoints/primary/DDPG_PG_MS05/stage10_pass.mat,1124910,5b66fa10e848ba905e868fd0c3791d158f3b2efcf3c16fb2880d5f54ac9e0fb0,D:\RL-Physics\RL_v13_6_FinalValidation_Phase1\DDPG\Outputs\DDPG_v13_6_MS05_Output\checkpoints\DDPG_v13_6_Stage10_Block02_SR100.0_SAT022.5.mat
primary,SAC_GF_MS01,checkpoints/primary/SAC_GF_MS01/stage10_pass.mat,1581456,d9be54dcdc3c8e8f97d022f2047ff12007e2e9467863fdbc09f5f79ff2ae59ae,D:\RL-Physics\RL_v13_6_GenericFixed_Baseline\Outputs\SAC_v13_6_GF_MS01_Output\checkpoints\SAC_v13_6_Stage10_Block01_SR100.0_SAT000.0.mat
primary,SAC_GF_MS02,checkpoints/primary/SAC_GF_MS02/stage10_pass.mat,1565823,a50409e07ab1991c68e238ece5eb51f4f70f3d89f1255fc7df1fb84eb8c95867,D:\RL-Physics\RL_v13_6_GenericFixed_Baseline\Outputs\SAC_v13_6_GF_MS02_Output\checkpoints\SAC_v13_6_Stage10_Block01_SR100.0_SAT000.0.mat
primary,SAC_GF_MS04,checkpoints/primary/SAC_GF_MS04/stage10_pass.mat,1592264,4ead975bc2e1b6daf8d646c883d01e7708233249500f5809a35d3ba33b43331e,D:\RL-Physics\RL_v13_6_GenericFixed_Baseline\Outputs\SAC_v13_6_GF_MS04_Output\checkpoints\SAC_v13_6_Stage10_Block02_SR100.0_SAT000.0.mat
primary,SAC_GF_MS05,checkpoints/primary/SAC_GF_MS05/stage10_pass.mat,1577507,9202b109447113d7fb4a548000741b0105c21d7e722ff0cca2224142b9420864,D:\RL-Physics\RL_v13_6_GenericFixed_Baseline\Outputs\SAC_v13_6_GF_MS05_Output\checkpoints\SAC_v13_6_Stage10_Block01_SR100.0_SAT000.0.mat
primary,SAC_PG_MS01,checkpoints/primary/SAC_PG_MS01/stage10_pass.mat,1582899,91c237dc34fcf828b5e2a236aed219ddbdd81a2107dd4e28d6ab61fedfee2874,D:\RL-Physics\RL_v13_6_FinalValidation_Phase1\SAC\Outputs\Luaran SAC V13.6\checkpoints\SAC_v13_6_Stage10_Block01_SR100.0_SAT000.0.mat
primary,SAC_PG_MS03,checkpoints/primary/SAC_PG_MS03/stage10_pass.mat,1638854,a642d8374f4b755f88d7fa658aecc223d38af1bba970fc945bf3c582bb2b2d02,D:\RL-Physics\RL_v13_6_FinalValidation_Phase1\SAC\Outputs\SAC_v13_6_MS03_Output\checkpoints\SAC_v13_6_Stage10_Block01_SR100.0_SAT000.0.mat
primary,SAC_PG_MS05,checkpoints/primary/SAC_PG_MS05/stage10_pass.mat,1626029,037105c6a42d139fdbd66da0d593ab80d32e2caff207c321c5d05ea9fca86f63,D:\RL-Physics\RL_v13_6_FinalValidation_Phase1\SAC\Outputs\SAC_v13_6_MS05_Output\checkpoints\SAC_v13_6_Stage10_Block01_SR097.9_SAT000.0.mat
primary,TD3_GF_MS01,checkpoints/primary/TD3_GF_MS01/stage10_pass.mat,1566509,4c65e7efeffd8ada0c73204c241f7fdeb8727dd73fc39df7de12fcf77bfb759d,D:\RL-Physics\RL_v13_6_GenericFixed_Baseline\Outputs\TD3_v13_6_GF_MS01_Output\checkpoints\TD3_v13_6_Stage10_Block01_SR100.0_SAT044.4.mat
primary,TD3_GF_MS03,checkpoints/primary/TD3_GF_MS03/stage10_pass.mat,1569684,489badbec5ce6276941d098abc3d4830d9da393b78f2582b2e618af92dbccc7d,D:\RL-Physics\RL_v13_6_GenericFixed_Baseline\Outputs\TD3_v13_6_GF_MS03_Output\checkpoints\TD3_v13_6_Stage10_Block01_SR100.0_SAT034.3.mat
primary,TD3_GF_MS04,checkpoints/primary/TD3_GF_MS04/stage10_pass.mat,1557387,1a8bd956a6b26eae63ee90c54db9ec5b129cc074c3bc2322376312752e8d787e,D:\RL-Physics\RL_v13_6_GenericFixed_Baseline\Outputs\TD3_v13_6_GF_MS04_Output\checkpoints\TD3_v13_6_Stage10_Block01_SR100.0_SAT031.9.mat
primary,TD3_GF_MS05,checkpoints/primary/TD3_GF_MS05/stage10_pass.mat,1577735,2f24828b748c9124453ed3b2244f13a24d3b2cc2e44245041e9db9942aaa3315,D:\RL-Physics\RL_v13_6_GenericFixed_Baseline\Outputs\TD3_v13_6_GF_MS05_Output\checkpoints\TD3_v13_6_Stage10_Block01_SR100.0_SAT026.5.mat
primary,TD3_PG_MS01,checkpoints/primary/TD3_PG_MS01/stage10_pass.mat,1583292,ee73693a086b6f31fdb625bce6b09143a4a95ef4d962e70716abdc86e8d2e07b,D:\RL-Physics\RL_v13_6_FinalValidation_Phase1\TD3\Outputs\Luaran TD3 V13.6\checkpoints\TD3_v13_6_Stage10_Block01_SR100.0_SAT047.9.mat
primary,TD3_PG_MS02,checkpoints/primary/TD3_PG_MS02/stage10_pass.mat,1575810,c02cd0301c8e128b5336b38a7ca6064c3f3961bc7084c4006bfe72e950af41fc,D:\RL-Physics\RL_v13_6_FinalValidation_Phase1\TD3\Outputs\TD3_v13_6_MS02_Output\checkpoints\TD3_v13_6_Stage10_Block01_SR100.0_SAT017.6.mat
primary,TD3_PG_MS03,checkpoints/primary/TD3_PG_MS03/stage10_pass.mat,1588925,1924d845cc7bdf83a0bea8ab0c523e4297572948ac20ab6968db0f233bf493c4,D:\RL-Physics\RL_v13_6_FinalValidation_Phase1\TD3\Outputs\TD3_v13_6_MS03_Output\checkpoints\TD3_v13_6_Stage10_Block02_SR097.9_SAT013.7.mat
primary,TD3_PG_MS04,checkpoints/primary/TD3_PG_MS04/stage10_pass.mat,1589610,0c685e1d42c3afda96b33c6914eab85f6fbeb044268650d7167c3cd9b1b7dda8,D:\RL-Physics\RL_v13_6_FinalValidation_Phase1\TD3\Outputs\TD3_v13_6_MS04_Output\checkpoints\TD3_v13_6_Stage10_Block01_SR100.0_SAT024.1.mat
primary,TD3_PG_MS05,checkpoints/primary/TD3_PG_MS05/stage10_pass.mat,1597934,aaa0013fe052117d33a0ebad157b8ced69b74804e4789208c5f765fb4c6bb2c5,D:\RL-Physics\RL_v13_6_FinalValidation_Phase1\TD3\Outputs\TD3_v13_6_MS05_Output\checkpoints\TD3_v13_6_Stage10_Block02_SR100.0_SAT009.1.mat
ablation,DDPG_A1_MS01,checkpoints/ablation/DDPG_A1_MS01/stage10_pass.mat,1110197,290b2fe6546df63b1fc436d4878aacfb4abf42d86ae09f26fc72254b5708df67,D:\RL-Physics\Selective ablation\Ablation_A1_A4_v2_HistoricalBudget\Outputs\DDPG_A1_MS01_Output\checkpoints\DDPG_v13_6_Stage10_Block01_SR097.9_SAT021.7.mat
ablation,DDPG_A1_MS03,checkpoints/ablation/DDPG_A1_MS03/stage10_pass.mat,1171188,0185213961b34a5dd4119521f663c648f87edbc3257fcb18764d233a9a8f2486,D:\RL-Physics\Selective ablation\Ablation_A1_A4_v2_HistoricalBudget\Outputs\DDPG_A1_MS03_Output\checkpoints\DDPG_v13_6_Stage10_Block02_SR060.4_SAT014.3.mat
ablation,DDPG_A2_MS01,checkpoints/ablation/DDPG_A2_MS01/stage10_pass.mat,1084708,578634982e4e943bdf894d267d39360fb899f7156b0d664fe38af75a311efbe1,D:\RL-Physics\Selective ablation\Ablation_A1_A4_v2_HistoricalBudget\Outputs\DDPG_A2_MS01_Output\checkpoints\DDPG_v13_6_Stage10_Block01_SR087.5_SAT039.7.mat
ablation,DDPG_A2_MS03,checkpoints/ablation/DDPG_A2_MS03/stage10_pass.mat,1089873,e964906b7d247ca66be1c55a971a35475d24d69e90f2de21aef691639b601d5e,D:\RL-Physics\Selective ablation\Ablation_A1_A4_v2_HistoricalBudget\Outputs\DDPG_A2_MS03_Output\checkpoints\DDPG_v13_6_Stage10_Block01_SR097.9_SAT016.7.mat
ablation,DDPG_A2_MS05,checkpoints/ablation/DDPG_A2_MS05/stage10_pass.mat,1099003,2f2cd9a3b1cab7ca1a3e6e51363e4f883799b24247ac45212e1a7f7c6717c1c4,D:\RL-Physics\Selective ablation\Ablation_A1_A4_v2_HistoricalBudget\Outputs\DDPG_A2_MS05_Output\checkpoints\DDPG_v13_6_Stage10_Block01_SR100.0_SAT006.3.mat
ablation,DDPG_A4_MS01,checkpoints/ablation/DDPG_A4_MS01/stage10_pass.mat,1125734,0cbef90ab282ac83b17aad6af9667baa301f1b4abad2a4dacd51600e60dd54b9,D:\RL-Physics\Selective ablation\Ablation_A1_A4_v2_HistoricalBudget\Outputs\DDPG_A4_MS01_Output\checkpoints\DDPG_v13_6_Stage10_Block01_SR100.0_SAT044.3.mat
ablation,DDPG_A4_MS03,checkpoints/ablation/DDPG_A4_MS03/stage10_pass.mat,1085831,d10095443416f6288b0511f3bbbc91f36de9a02b5fe6f6a1cf3f7ee9875c86b4,D:\RL-Physics\Selective ablation\Ablation_A1_A4_v2_HistoricalBudget\Outputs\DDPG_A4_MS03_Output\checkpoints\DDPG_v13_6_Stage10_Block03_SR100.0_SAT014.4.mat
ablation,SAC_A1_MS01,checkpoints/ablation/SAC_A1_MS01/stage10_pass.mat,1575928,b346ebb5e96028b13a1f6b58f0931b252dd10654cc0c010a5e172a1e6d12857b,D:\RL-Physics\Selective ablation\Ablation_A1_A4_v2_HistoricalBudget\Outputs\SAC_A1_MS01_Output\checkpoints\SAC_v13_6_Stage10_Block01_SR100.0_SAT000.0.mat
ablation,SAC_A1_MS03,checkpoints/ablation/SAC_A1_MS03/stage10_pass.mat,1573945,911286459972ff4d52f5240175d0c8016eb2837fb474a8f7e372e5c7ba6a2ee9,D:\RL-Physics\Selective ablation\Ablation_A1_A4_v2_HistoricalBudget\Outputs\SAC_A1_MS03_Output\checkpoints\SAC_v13_6_Stage10_Block01_SR100.0_SAT000.0.mat
ablation,SAC_A2_MS01,checkpoints/ablation/SAC_A2_MS01/stage10_pass.mat,1593537,76e88aa65cfe72c49388e403087611574c39053b8a12d773cd23005cf4bf32e8,D:\RL-Physics\Selective ablation\Ablation_A1_A4_v2_HistoricalBudget\Outputs\SAC_A2_MS01_Output\checkpoints\SAC_v13_6_Stage10_Block01_SR100.0_SAT000.0.mat
ablation,SAC_A2_MS03,checkpoints/ablation/SAC_A2_MS03/stage10_pass.mat,1675356,28df690a6dad6828b8926b89821a0fe45fd4f9578b1d9b4f1df83aab294b6bb5,D:\RL-Physics\Selective ablation\Ablation_A1_A4_v2_HistoricalBudget\Outputs\SAC_A2_MS03_Output\checkpoints\SAC_v13_6_Stage10_Block01_SR085.4_SAT000.0.mat
ablation,SAC_A2_MS05,checkpoints/ablation/SAC_A2_MS05/stage10_pass.mat,1601234,ee848944a4a4ba80376461c3b05432ba703b345d090054270d19d9216dfddd43,D:\RL-Physics\Selective ablation\Ablation_A1_A4_v2_HistoricalBudget\Outputs\SAC_A2_MS05_Output\checkpoints\SAC_v13_6_Stage10_Block01_SR093.8_SAT000.0.mat
ablation,SAC_A3_MS03,checkpoints/ablation/SAC_A3_MS03/stage10_pass.mat,1667332,8e69054aa4970e842e416d3592545f479e21d8830f7cbef7f48fc7f2822d7a28,D:\RL-Physics\Selective ablation\Ablation_A1_A4_v2_HistoricalBudget\Outputs\SAC_A3_MS03_Output\checkpoints\SAC_v13_6_Stage10_Block01_SR100.0_SAT000.0.mat
ablation,SAC_A3_MS05,checkpoints/ablation/SAC_A3_MS05/stage10_pass.mat,1584781,019211f4433ad3b8b4940fb4625a850d094615eced52a7566cc4a949d0856dda,D:\RL-Physics\Selective ablation\Ablation_A1_A4_v2_HistoricalBudget\Outputs\SAC_A3_MS05_Output\checkpoints\SAC_v13_6_Stage10_Block01_SR100.0_SAT000.0.mat
ablation,SAC_A4_MS03,checkpoints/ablation/SAC_A4_MS03/stage10_pass.mat,1619474,4a49ee93e47d10622b4acd536b8f6969814f29454b6732d308e1848e65768706,D:\RL-Physics\Selective ablation\Ablation_A1_A4_v2_HistoricalBudget\Outputs\SAC_A4_MS03_Output\checkpoints\SAC_v13_6_Stage10_Block01_SR100.0_SAT000.0.mat
ablation,SAC_A4_MS05,checkpoints/ablation/SAC_A4_MS05/stage10_pass.mat,1576195,47ef6a312a9a56d17985946e3ab3543d45279a9a98f1c538e5326bd7a216b68c,D:\RL-Physics\Selective ablation\Ablation_A1_A4_v2_HistoricalBudget\Outputs\SAC_A4_MS05_Output\checkpoints\SAC_v13_6_Stage10_Block01_SR100.0_SAT000.0.mat
ablation,TD3_A1_MS01,checkpoints/ablation/TD3_A1_MS01/stage10_pass.mat,1581796,b1161209118ebf1b7e4dacff3b92a4f528ff62992b3ba47598d69203635857a3,D:\RL-Physics\Selective ablation\TD3 Confirmatory\TD3_A1_A4_Confirmatory_HistoricalBudget\TD3_A1_MS01\checkpoints\TD3_v13_6_Stage10_Block01_SR100.0_SAT044.2.mat
ablation,TD3_A1_MS03,checkpoints/ablation/TD3_A1_MS03/stage10_pass.mat,1583844,30a7cb0e407477fbe9f67a11f37d7df8774ea0bfa41dcfe2bd91f892428b7c16,D:\RL-Physics\Selective ablation\TD3 Confirmatory\TD3_A1_A4_Confirmatory_HistoricalBudget\TD3_A1_MS03\checkpoints\TD3_v13_6_Stage10_Block01_SR100.0_SAT013.6.mat
ablation,TD3_A2_MS01,checkpoints/ablation/TD3_A2_MS01/stage10_pass.mat,1580193,b86461133493f6db1b42a36b57a44f1e0132fdfe7a8216a0cc40284bd21fe833,D:\RL-Physics\Selective ablation\TD3 Confirmatory\TD3_A1_A4_Confirmatory_HistoricalBudget\TD3_A2_MS01\checkpoints\TD3_v13_6_Stage10_Block01_SR100.0_SAT052.8.mat
ablation,TD3_A2_MS03,checkpoints/ablation/TD3_A2_MS03/stage10_pass.mat,1583659,12058b12964e455026a7ce963a8442498c3c3239dbe3211a03a25c4509ba5443,D:\RL-Physics\Selective ablation\TD3 Confirmatory\TD3_A1_A4_Confirmatory_HistoricalBudget\TD3_A2_MS03\checkpoints\TD3_v13_6_Stage10_Block01_SR100.0_SAT012.9.mat
ablation,TD3_A2_MS05,checkpoints/ablation/TD3_A2_MS05/stage10_pass.mat,1656921,b0373e4f92478244dbfe13e90b8c0eca571026c6ba1f62015c293540389cd7ad,D:\RL-Physics\Selective ablation\TD3 Confirmatory\TD3_A1_A4_Confirmatory_HistoricalBudget\TD3_A2_MS05\checkpoints\TD3_v13_6_Stage10_Block01_SR100.0_SAT015.5.mat
ablation,TD3_A3_MS01,checkpoints/ablation/TD3_A3_MS01/stage10_pass.mat,1574805,de8331c063fa3e79e5cab30fc576718a7b1e11ce0c5598db2fc0e07906f5cdc6,D:\RL-Physics\Selective ablation\TD3 Confirmatory\TD3_A1_A4_Confirmatory_HistoricalBudget\TD3_A3_MS01\checkpoints\TD3_v13_6_Stage10_Block01_SR100.0_SAT053.2.mat
ablation,TD3_A4_MS01,checkpoints/ablation/TD3_A4_MS01/stage10_pass.mat,1574797,72084b2f67792d9db86ba270f97e0902239407e25ce1ecf4a374198fde746ba0,D:\RL-Physics\Selective ablation\TD3 Confirmatory\TD3_A1_A4_Confirmatory_HistoricalBudget\TD3_A4_MS01\checkpoints\TD3_v13_6_Stage10_Block01_SR093.8_SAT048.3.mat
ablation,TD3_A4_MS03,checkpoints/ablation/TD3_A4_MS03/stage10_pass.mat,1582535,213b689df5f5f243373da5f8bce63bea7cd4b4b106aa86a816adb2066e074bdd,D:\RL-Physics\Selective ablation\TD3 Confirmatory\TD3_A1_A4_Confirmatory_HistoricalBudget\TD3_A4_MS03\checkpoints\TD3_v13_6_Stage10_Block01_SR100.0_SAT013.0.mat
ablation,TD3_A4_MS05,checkpoints/ablation/TD3_A4_MS05/stage10_pass.mat,1599639,34c8634e5c3541ce67045ddb9d62127dd7192251b4df8a631e9c3dc67b16f9c6,D:\RL-Physics\Selective ablation\TD3 Confirmatory\TD3_A1_A4_Confirmatory_HistoricalBudget\TD3_A4_MS05\checkpoints\TD3_v13_6_Stage10_Block01_SR100.0_SAT032.7.mat
