cohort,run,kind,relative_path,bytes,sha256,ledger_sha256,scenario_bank_sha256,validation_bank_sha256,config_sha256,source_original
primary,DDPG_GF_MS01,training_stats,raw_mat/primary/DDPG_GF_MS01/training_stats.mat,97183,9c457398d421b059697b663393863dfab0d8bad2f704e57f504b5f8f3ae41315,9c457398d421b059697b663393863dfab0d8bad2f704e57f504b5f8f3ae41315,,fa2e90ec6c57c116dab68cd028908a9e90bb2dcdf836a0974c16b4320caefa67,8a0a30675995ab320b9e98804e1640ad81bac0e848be47098c5c3d7897d52110,D:\RL-Physics\RL_v13_6_GenericFixed_Baseline\Outputs\DDPG_v13_6_GF_MS01_Output\DDPG_Training_Stats_v13_6.mat
primary,DDPG_GF_MS02,training_stats,raw_mat/primary/DDPG_GF_MS02/training_stats.mat,98959,2b6f81c4ddbffdd27d6cee66d390d9e45b54db31c194c069c88bdb99c36abb52,2b6f81c4ddbffdd27d6cee66d390d9e45b54db31c194c069c88bdb99c36abb52,,fa2e90ec6c57c116dab68cd028908a9e90bb2dcdf836a0974c16b4320caefa67,8a0a30675995ab320b9e98804e1640ad81bac0e848be47098c5c3d7897d52110,D:\RL-Physics\RL_v13_6_GenericFixed_Baseline\Outputs\DDPG_v13_6_GF_MS02_Output\DDPG_Training_Stats_v13_6.mat
primary,DDPG_GF_MS03,training_stats,raw_mat/primary/DDPG_GF_MS03/training_stats.mat,96613,8b089269e9b788218dd4277bc06c2c0c34404d249fce79df2907fb740f7b15b6,8b089269e9b788218dd4277bc06c2c0c34404d249fce79df2907fb740f7b15b6,,fa2e90ec6c57c116dab68cd028908a9e90bb2dcdf836a0974c16b4320caefa67,8a0a30675995ab320b9e98804e1640ad81bac0e848be47098c5c3d7897d52110,D:\RL-Physics\RL_v13_6_GenericFixed_Baseline\Outputs\DDPG_v13_6_GF_MS03_Output\DDPG_Training_Stats_v13_6.mat
primary,DDPG_GF_MS04,training_stats,raw_mat/primary/DDPG_GF_MS04/training_stats.mat,852901,3d426d70716b728813eb186201bcacf07191a2305210f5c0873f846bbf554642,3d426d70716b728813eb186201bcacf07191a2305210f5c0873f846bbf554642,702c3aff8e153bfd3111b2965d140c6e13a2992b687974a75dcfe10a6f384a44,3c5f4e359d69b08f0ffa1fbb2c72c2e0a59a67b5dad85b10943179528b5c5b7a,8a0a30675995ab320b9e98804e1640ad81bac0e848be47098c5c3d7897d52110,D:\RL-Physics\RL_v13_6_GenericFixed_Baseline\Outputs\DDPG_v13_6_GF_MS04_Output\DDPG_Training_Stats_v13_6.mat
primary,DDPG_GF_MS04,final_test,raw_mat/primary/DDPG_GF_MS04/final_test.mat,1252133,bfa64fb45648dbfa5ac6729a6e459ca88310d67c8ed471697c6282089c8ea191,bfa64fb45648dbfa5ac6729a6e459ca88310d67c8ed471697c6282089c8ea191,702c3aff8e153bfd3111b2965d140c6e13a2992b687974a75dcfe10a6f384a44,3c5f4e359d69b08f0ffa1fbb2c72c2e0a59a67b5dad85b10943179528b5c5b7a,8a0a30675995ab320b9e98804e1640ad81bac0e848be47098c5c3d7897d52110,D:\RL-Physics\RL_v13_6_GenericFixed_Baseline\Outputs\DDPG_v13_6_GF_MS04_Output\DDPG_Test_Results_v13_6.mat
primary,DDPG_GF_MS05,training_stats,raw_mat/primary/DDPG_GF_MS05/training_stats.mat,96748,e46eec8c0a7f51f33e691fdbaef161078d5632d6fc593ed01df149e2cab826b6,e46eec8c0a7f51f33e691fdbaef161078d5632d6fc593ed01df149e2cab826b6,,fa2e90ec6c57c116dab68cd028908a9e90bb2dcdf836a0974c16b4320caefa67,8a0a30675995ab320b9e98804e1640ad81bac0e848be47098c5c3d7897d52110,D:\RL-Physics\RL_v13_6_GenericFixed_Baseline\Outputs\DDPG_v13_6_GF_MS05_Output\DDPG_Training_Stats_v13_6.mat
primary,DDPG_PG_MS01,training_stats,raw_mat/primary/DDPG_PG_MS01/training_stats.mat,609786,0bea1ae06dbf26369ba498429c9eb6309f47804e97e6c89b3e708126ecb60ba4,0bea1ae06dbf26369ba498429c9eb6309f47804e97e6c89b3e708126ecb60ba4,702c3aff8e153bfd3111b2965d140c6e13a2992b687974a75dcfe10a6f384a44,1274c52cd82c512c715b9d2db2c7bd52b6530311bf2d7b2e7407be060f65254f,8a0a30675995ab320b9e98804e1640ad81bac0e848be47098c5c3d7897d52110,D:\RL-Physics\RL_v13_6_FinalValidation_Phase1\DDPG\Outputs\Luaran DDPG V13.6\DDPG_Training_Stats_v13_6.mat
primary,DDPG_PG_MS01,final_test,raw_mat/primary/DDPG_PG_MS01/final_test.mat,478990,a7b87105e3fd6ff5770598aa23efd3083698fc1a4a70df9d9a583a55634e2737,a7b87105e3fd6ff5770598aa23efd3083698fc1a4a70df9d9a583a55634e2737,702c3aff8e153bfd3111b2965d140c6e13a2992b687974a75dcfe10a6f384a44,1274c52cd82c512c715b9d2db2c7bd52b6530311bf2d7b2e7407be060f65254f,8a0a30675995ab320b9e98804e1640ad81bac0e848be47098c5c3d7897d52110,D:\RL-Physics\RL_v13_6_FinalValidation_Phase1\DDPG\Outputs\Luaran DDPG V13.6\DDPG_Test_Results_v13_6.mat
primary,DDPG_PG_MS02,training_stats,raw_mat/primary/DDPG_PG_MS02/training_stats.mat,656866,52c09c6371aa14f9ecc9751af380262e643ce83984aee03aac11faffb7d33013,52c09c6371aa14f9ecc9751af380262e643ce83984aee03aac11faffb7d33013,702c3aff8e153bfd3111b2965d140c6e13a2992b687974a75dcfe10a6f384a44,1274c52cd82c512c715b9d2db2c7bd52b6530311bf2d7b2e7407be060f65254f,8a0a30675995ab320b9e98804e1640ad81bac0e848be47098c5c3d7897d52110,D:\RL-Physics\RL_v13_6_FinalValidation_Phase1\DDPG\Outputs\DDPG_v13_6_MS02_Output\DDPG_Training_Stats_v13_6.mat
primary,DDPG_PG_MS02,final_test,raw_mat/primary/DDPG_PG_MS02/final_test.mat,714251,a77c0249099275b259e0e1f7436e5ec0fb7e060312bed69844d8be7df2e84c04,a77c0249099275b259e0e1f7436e5ec0fb7e060312bed69844d8be7df2e84c04,702c3aff8e153bfd3111b2965d140c6e13a2992b687974a75dcfe10a6f384a44,1274c52cd82c512c715b9d2db2c7bd52b6530311bf2d7b2e7407be060f65254f,8a0a30675995ab320b9e98804e1640ad81bac0e848be47098c5c3d7897d52110,D:\RL-Physics\RL_v13_6_FinalValidation_Phase1\DDPG\Outputs\DDPG_v13_6_MS02_Output\DDPG_Test_Results_v13_6.mat
primary,DDPG_PG_MS03,training_stats,raw_mat/primary/DDPG_PG_MS03/training_stats.mat,554381,c4d4c054c544d94e4b8e51e594998f6b2cd4ee3b6247e2243cbaa47cc3f3ee0b,c4d4c054c544d94e4b8e51e594998f6b2cd4ee3b6247e2243cbaa47cc3f3ee0b,702c3aff8e153bfd3111b2965d140c6e13a2992b687974a75dcfe10a6f384a44,1274c52cd82c512c715b9d2db2c7bd52b6530311bf2d7b2e7407be060f65254f,8a0a30675995ab320b9e98804e1640ad81bac0e848be47098c5c3d7897d52110,D:\RL-Physics\RL_v13_6_FinalValidation_Phase1\DDPG\Outputs\DDPG_v13_6_MS03_Output\DDPG_Training_Stats_v13_6.mat
primary,DDPG_PG_MS03,final_test,raw_mat/primary/DDPG_PG_MS03/final_test.mat,568665,031d47e861a4dc000f09d129ea4e30c2d6ebd7a458508ae19c9b10fee1048752,031d47e861a4dc000f09d129ea4e30c2d6ebd7a458508ae19c9b10fee1048752,702c3aff8e153bfd3111b2965d140c6e13a2992b687974a75dcfe10a6f384a44,1274c52cd82c512c715b9d2db2c7bd52b6530311bf2d7b2e7407be060f65254f,8a0a30675995ab320b9e98804e1640ad81bac0e848be47098c5c3d7897d52110,D:\RL-Physics\RL_v13_6_FinalValidation_Phase1\DDPG\Outputs\DDPG_v13_6_MS03_Output\DDPG_Test_Results_v13_6.mat
primary,DDPG_PG_MS04,training_stats,raw_mat/primary/DDPG_PG_MS04/training_stats.mat,751229,97fb708fc9c4ad2194ec707984dde2249790b919c7c73c9106aec16c10520867,97fb708fc9c4ad2194ec707984dde2249790b919c7c73c9106aec16c10520867,702c3aff8e153bfd3111b2965d140c6e13a2992b687974a75dcfe10a6f384a44,1274c52cd82c512c715b9d2db2c7bd52b6530311bf2d7b2e7407be060f65254f,8a0a30675995ab320b9e98804e1640ad81bac0e848be47098c5c3d7897d52110,D:\RL-Physics\RL_v13_6_FinalValidation_Phase1\DDPG\Outputs\DDPG_v13_6_MS04_Output\DDPG_Training_Stats_v13_6.mat
primary,DDPG_PG_MS04,final_test,raw_mat/primary/DDPG_PG_MS04/final_test.mat,822931,7ccbd7039475218c9db060169aa45b296f1cdb7585c2e706a0305a1ec6b970f3,7ccbd7039475218c9db060169aa45b296f1cdb7585c2e706a0305a1ec6b970f3,702c3aff8e153bfd3111b2965d140c6e13a2992b687974a75dcfe10a6f384a44,1274c52cd82c512c715b9d2db2c7bd52b6530311bf2d7b2e7407be060f65254f,8a0a30675995ab320b9e98804e1640ad81bac0e848be47098c5c3d7897d52110,D:\RL-Physics\RL_v13_6_FinalValidation_Phase1\DDPG\Outputs\DDPG_v13_6_MS04_Output\DDPG_Test_Results_v13_6.mat
primary,DDPG_PG_MS05,training_stats,raw_mat/primary/DDPG_PG_MS05/training_stats.mat,688862,2d5914b6b55b39d7402ca1f717a1cddc789635fff640385d5e098afe87a6aa34,2d5914b6b55b39d7402ca1f717a1cddc789635fff640385d5e098afe87a6aa34,702c3aff8e153bfd3111b2965d140c6e13a2992b687974a75dcfe10a6f384a44,1274c52cd82c512c715b9d2db2c7bd52b6530311bf2d7b2e7407be060f65254f,8a0a30675995ab320b9e98804e1640ad81bac0e848be47098c5c3d7897d52110,D:\RL-Physics\RL_v13_6_FinalValidation_Phase1\DDPG\Outputs\DDPG_v13_6_MS05_Output\DDPG_Training_Stats_v13_6.mat
primary,DDPG_PG_MS05,final_test,raw_mat/primary/DDPG_PG_MS05/final_test.mat,788055,2affcf5f3abaf8d09b944e785e2f5b9c5f51687da9f723c976d206efd5cab251,2affcf5f3abaf8d09b944e785e2f5b9c5f51687da9f723c976d206efd5cab251,702c3aff8e153bfd3111b2965d140c6e13a2992b687974a75dcfe10a6f384a44,1274c52cd82c512c715b9d2db2c7bd52b6530311bf2d7b2e7407be060f65254f,8a0a30675995ab320b9e98804e1640ad81bac0e848be47098c5c3d7897d52110,D:\RL-Physics\RL_v13_6_FinalValidation_Phase1\DDPG\Outputs\DDPG_v13_6_MS05_Output\DDPG_Test_Results_v13_6.mat
primary,SAC_GF_MS01,training_stats,raw_mat/primary/SAC_GF_MS01/training_stats.mat,433281,b6ee536a8e829a79864e0bdfa4f26b7f045ca645a8c6e9dbeb6b166954019ae2,b6ee536a8e829a79864e0bdfa4f26b7f045ca645a8c6e9dbeb6b166954019ae2,702c3aff8e153bfd3111b2965d140c6e13a2992b687974a75dcfe10a6f384a44,3c5f4e359d69b08f0ffa1fbb2c72c2e0a59a67b5dad85b10943179528b5c5b7a,42d51ed3712f410914e37a0195aa61790e4cb3c5a981c5283c4087ec7d7b4f80,D:\RL-Physics\RL_v13_6_GenericFixed_Baseline\Outputs\SAC_v13_6_GF_MS01_Output\SAC_Training_Stats_v13_6.mat
primary,SAC_GF_MS01,final_test,raw_mat/primary/SAC_GF_MS01/final_test.mat,656923,e75c4578861cda22f2fddc1bc9dfbee59b2fe3406f0ce2fab473e33531143c11,e75c4578861cda22f2fddc1bc9dfbee59b2fe3406f0ce2fab473e33531143c11,702c3aff8e153bfd3111b2965d140c6e13a2992b687974a75dcfe10a6f384a44,3c5f4e359d69b08f0ffa1fbb2c72c2e0a59a67b5dad85b10943179528b5c5b7a,42d51ed3712f410914e37a0195aa61790e4cb3c5a981c5283c4087ec7d7b4f80,D:\RL-Physics\RL_v13_6_GenericFixed_Baseline\Outputs\SAC_v13_6_GF_MS01_Output\SAC_Test_Results_v13_6.mat
primary,SAC_GF_MS02,training_stats,raw_mat/primary/SAC_GF_MS02/training_stats.mat,430206,b53e4510a0cd5d5db30faf640ce61244af805cd16cee0e541f67029e5648cb46,b53e4510a0cd5d5db30faf640ce61244af805cd16cee0e541f67029e5648cb46,702c3aff8e153bfd3111b2965d140c6e13a2992b687974a75dcfe10a6f384a44,3c5f4e359d69b08f0ffa1fbb2c72c2e0a59a67b5dad85b10943179528b5c5b7a,42d51ed3712f410914e37a0195aa61790e4cb3c5a981c5283c4087ec7d7b4f80,D:\RL-Physics\RL_v13_6_GenericFixed_Baseline\Outputs\SAC_v13_6_GF_MS02_Output\SAC_Training_Stats_v13_6.mat
primary,SAC_GF_MS02,final_test,raw_mat/primary/SAC_GF_MS02/final_test.mat,663674,0c17e1e84251e71bf190e4f8a7d4511893d453b658bbae858fe9bd75d9091309,0c17e1e84251e71bf190e4f8a7d4511893d453b658bbae858fe9bd75d9091309,702c3aff8e153bfd3111b2965d140c6e13a2992b687974a75dcfe10a6f384a44,3c5f4e359d69b08f0ffa1fbb2c72c2e0a59a67b5dad85b10943179528b5c5b7a,42d51ed3712f410914e37a0195aa61790e4cb3c5a981c5283c4087ec7d7b4f80,D:\RL-Physics\RL_v13_6_GenericFixed_Baseline\Outputs\SAC_v13_6_GF_MS02_Output\SAC_Test_Results_v13_6.mat
primary,SAC_GF_MS03,training_stats,raw_mat/primary/SAC_GF_MS03/training_stats.mat,633732,1eef5236dc2a2f852265043a69ed96b16ee925f7c3a2436a38b419d697230ed7,1eef5236dc2a2f852265043a69ed96b16ee925f7c3a2436a38b419d697230ed7,,3c5f4e359d69b08f0ffa1fbb2c72c2e0a59a67b5dad85b10943179528b5c5b7a,42d51ed3712f410914e37a0195aa61790e4cb3c5a981c5283c4087ec7d7b4f80,D:\RL-Physics\RL_v13_6_GenericFixed_Baseline\Outputs\SAC_v13_6_GF_MS03_Output\SAC_Training_Stats_v13_6.mat
primary,SAC_GF_MS04,training_stats,raw_mat/primary/SAC_GF_MS04/training_stats.mat,498867,3e66d19ca280e75ea33fe7cb24dc262375c6274d0950de364c765478d06fa0e6,3e66d19ca280e75ea33fe7cb24dc262375c6274d0950de364c765478d06fa0e6,702c3aff8e153bfd3111b2965d140c6e13a2992b687974a75dcfe10a6f384a44,3c5f4e359d69b08f0ffa1fbb2c72c2e0a59a67b5dad85b10943179528b5c5b7a,42d51ed3712f410914e37a0195aa61790e4cb3c5a981c5283c4087ec7d7b4f80,D:\RL-Physics\RL_v13_6_GenericFixed_Baseline\Outputs\SAC_v13_6_GF_MS04_Output\SAC_Training_Stats_v13_6.mat
primary,SAC_GF_MS04,final_test,raw_mat/primary/SAC_GF_MS04/final_test.mat,740920,1d23431b8e9a6c733962d3accd0a9a5c4c242b820da516b7089ee692f6bd0ca5,1d23431b8e9a6c733962d3accd0a9a5c4c242b820da516b7089ee692f6bd0ca5,702c3aff8e153bfd3111b2965d140c6e13a2992b687974a75dcfe10a6f384a44,3c5f4e359d69b08f0ffa1fbb2c72c2e0a59a67b5dad85b10943179528b5c5b7a,42d51ed3712f410914e37a0195aa61790e4cb3c5a981c5283c4087ec7d7b4f80,D:\RL-Physics\RL_v13_6_GenericFixed_Baseline\Outputs\SAC_v13_6_GF_MS04_Output\SAC_Test_Results_v13_6.mat
primary,SAC_GF_MS05,training_stats,raw_mat/primary/SAC_GF_MS05/training_stats.mat,433232,5830243990c4e93b1c8b9e28b04798fdc369229f6e8aeaad76ebec2e583f5b92,5830243990c4e93b1c8b9e28b04798fdc369229f6e8aeaad76ebec2e583f5b92,702c3aff8e153bfd3111b2965d140c6e13a2992b687974a75dcfe10a6f384a44,3c5f4e359d69b08f0ffa1fbb2c72c2e0a59a67b5dad85b10943179528b5c5b7a,42d51ed3712f410914e37a0195aa61790e4cb3c5a981c5283c4087ec7d7b4f80,D:\RL-Physics\RL_v13_6_GenericFixed_Baseline\Outputs\SAC_v13_6_GF_MS05_Output\SAC_Training_Stats_v13_6.mat
primary,SAC_GF_MS05,final_test,raw_mat/primary/SAC_GF_MS05/final_test.mat,682712,e5e3eff4fcac0f89aacace321114c698eb7136a43004ccef56b5ba0351c89dc5,e5e3eff4fcac0f89aacace321114c698eb7136a43004ccef56b5ba0351c89dc5,702c3aff8e153bfd3111b2965d140c6e13a2992b687974a75dcfe10a6f384a44,3c5f4e359d69b08f0ffa1fbb2c72c2e0a59a67b5dad85b10943179528b5c5b7a,42d51ed3712f410914e37a0195aa61790e4cb3c5a981c5283c4087ec7d7b4f80,D:\RL-Physics\RL_v13_6_GenericFixed_Baseline\Outputs\SAC_v13_6_GF_MS05_Output\SAC_Test_Results_v13_6.mat
primary,SAC_PG_MS01,training_stats,raw_mat/primary/SAC_PG_MS01/training_stats.mat,431634,cd3d747f1f4282778a449d70459ac320d2a5a6fd850f625801c96dcefc9160bb,cd3d747f1f4282778a449d70459ac320d2a5a6fd850f625801c96dcefc9160bb,702c3aff8e153bfd3111b2965d140c6e13a2992b687974a75dcfe10a6f384a44,1274c52cd82c512c715b9d2db2c7bd52b6530311bf2d7b2e7407be060f65254f,e6b30dffee30c2fa6f85148d23c0d1cbebc8bf9c0bd885bea90c2ae2a65ec3e1,D:\RL-Physics\RL_v13_6_FinalValidation_Phase1\SAC\Outputs\Luaran SAC V13.6\SAC_Training_Stats_v13_6.mat
primary,SAC_PG_MS01,final_test,raw_mat/primary/SAC_PG_MS01/final_test.mat,552932,d57ba71c8d499ceead6eb890b1560b3ed48f9853f87a30dd459f5ea1de80806d,d57ba71c8d499ceead6eb890b1560b3ed48f9853f87a30dd459f5ea1de80806d,702c3aff8e153bfd3111b2965d140c6e13a2992b687974a75dcfe10a6f384a44,1274c52cd82c512c715b9d2db2c7bd52b6530311bf2d7b2e7407be060f65254f,e6b30dffee30c2fa6f85148d23c0d1cbebc8bf9c0bd885bea90c2ae2a65ec3e1,D:\RL-Physics\RL_v13_6_FinalValidation_Phase1\SAC\Outputs\Luaran SAC V13.6\SAC_Test_Results_v13_6.mat
primary,SAC_PG_MS02,training_stats,raw_mat/primary/SAC_PG_MS02/training_stats.mat,599429,87c76dd2ec576306b48de2fadf8b8b3c8f236da616678a53c87e10e2bc57add9,87c76dd2ec576306b48de2fadf8b8b3c8f236da616678a53c87e10e2bc57add9,,1274c52cd82c512c715b9d2db2c7bd52b6530311bf2d7b2e7407be060f65254f,e6b30dffee30c2fa6f85148d23c0d1cbebc8bf9c0bd885bea90c2ae2a65ec3e1,D:\RL-Physics\RL_v13_6_FinalValidation_Phase1\SAC\Outputs\SAC_v13_6_MS02_Output\SAC_Training_Stats_v13_6.mat
primary,SAC_PG_MS03,training_stats,raw_mat/primary/SAC_PG_MS03/training_stats.mat,491659,eb78143e479de44d75ad8712310aa7f4b12cb12a67520b450bb39e49ce2df49e,eb78143e479de44d75ad8712310aa7f4b12cb12a67520b450bb39e49ce2df49e,702c3aff8e153bfd3111b2965d140c6e13a2992b687974a75dcfe10a6f384a44,1274c52cd82c512c715b9d2db2c7bd52b6530311bf2d7b2e7407be060f65254f,e6b30dffee30c2fa6f85148d23c0d1cbebc8bf9c0bd885bea90c2ae2a65ec3e1,D:\RL-Physics\RL_v13_6_FinalValidation_Phase1\SAC\Outputs\SAC_v13_6_MS03_Output\SAC_Training_Stats_v13_6.mat
primary,SAC_PG_MS03,final_test,raw_mat/primary/SAC_PG_MS03/final_test.mat,805342,893fe823e0888b94c958a1f03de8f24962cefa292c24821d5b88b1c28688fb12,893fe823e0888b94c958a1f03de8f24962cefa292c24821d5b88b1c28688fb12,702c3aff8e153bfd3111b2965d140c6e13a2992b687974a75dcfe10a6f384a44,1274c52cd82c512c715b9d2db2c7bd52b6530311bf2d7b2e7407be060f65254f,e6b30dffee30c2fa6f85148d23c0d1cbebc8bf9c0bd885bea90c2ae2a65ec3e1,D:\RL-Physics\RL_v13_6_FinalValidation_Phase1\SAC\Outputs\SAC_v13_6_MS03_Output\SAC_Test_Results_v13_6.mat
primary,SAC_PG_MS04,training_stats,raw_mat/primary/SAC_PG_MS04/training_stats.mat,708008,00e7060f46ebe24af528c9086ab9db87fb739e6d6b8f73a8a93ec585f62fe78c,00e7060f46ebe24af528c9086ab9db87fb739e6d6b8f73a8a93ec585f62fe78c,,1274c52cd82c512c715b9d2db2c7bd52b6530311bf2d7b2e7407be060f65254f,e6b30dffee30c2fa6f85148d23c0d1cbebc8bf9c0bd885bea90c2ae2a65ec3e1,D:\RL-Physics\RL_v13_6_FinalValidation_Phase1\SAC\Outputs\SAC_v13_6_MS04_Output\SAC_Training_Stats_v13_6.mat
primary,SAC_PG_MS05,training_stats,raw_mat/primary/SAC_PG_MS05/training_stats.mat,486245,1b8fe862d62eb41d674d44bca22bf6e4823d1cee8cc911fa90ff12282c063bf0,1b8fe862d62eb41d674d44bca22bf6e4823d1cee8cc911fa90ff12282c063bf0,702c3aff8e153bfd3111b2965d140c6e13a2992b687974a75dcfe10a6f384a44,1274c52cd82c512c715b9d2db2c7bd52b6530311bf2d7b2e7407be060f65254f,e6b30dffee30c2fa6f85148d23c0d1cbebc8bf9c0bd885bea90c2ae2a65ec3e1,D:\RL-Physics\RL_v13_6_FinalValidation_Phase1\SAC\Outputs\SAC_v13_6_MS05_Output\SAC_Training_Stats_v13_6.mat
primary,SAC_PG_MS05,final_test,raw_mat/primary/SAC_PG_MS05/final_test.mat,705916,2ae30452ee53e12e3fec96d74e14902ae0b8901cf24c67524b7f3b21a1018680,2ae30452ee53e12e3fec96d74e14902ae0b8901cf24c67524b7f3b21a1018680,702c3aff8e153bfd3111b2965d140c6e13a2992b687974a75dcfe10a6f384a44,1274c52cd82c512c715b9d2db2c7bd52b6530311bf2d7b2e7407be060f65254f,e6b30dffee30c2fa6f85148d23c0d1cbebc8bf9c0bd885bea90c2ae2a65ec3e1,D:\RL-Physics\RL_v13_6_FinalValidation_Phase1\SAC\Outputs\SAC_v13_6_MS05_Output\SAC_Test_Results_v13_6.mat
primary,TD3_GF_MS01,training_stats,raw_mat/primary/TD3_GF_MS01/training_stats.mat,539317,415e52b9e36ba83befaf3a96248f87c7125dfb16ce3f2a1f0ea8dd776bfb0660,415e52b9e36ba83befaf3a96248f87c7125dfb16ce3f2a1f0ea8dd776bfb0660,702c3aff8e153bfd3111b2965d140c6e13a2992b687974a75dcfe10a6f384a44,3c5f4e359d69b08f0ffa1fbb2c72c2e0a59a67b5dad85b10943179528b5c5b7a,c6f627bc1af6ec5884058bc43b26e31704e9fb77361c58fb4ac16034d6cd2b9d,D:\RL-Physics\RL_v13_6_GenericFixed_Baseline\Outputs\TD3_v13_6_GF_MS01_Output\TD3_Training_Stats_v13_6.mat
primary,TD3_GF_MS01,final_test,raw_mat/primary/TD3_GF_MS01/final_test.mat,826101,12e64d9ac3a800c861d248adc28005f5e17ad7486a3b3be2e1e7f7d8d91a698d,12e64d9ac3a800c861d248adc28005f5e17ad7486a3b3be2e1e7f7d8d91a698d,702c3aff8e153bfd3111b2965d140c6e13a2992b687974a75dcfe10a6f384a44,3c5f4e359d69b08f0ffa1fbb2c72c2e0a59a67b5dad85b10943179528b5c5b7a,c6f627bc1af6ec5884058bc43b26e31704e9fb77361c58fb4ac16034d6cd2b9d,D:\RL-Physics\RL_v13_6_GenericFixed_Baseline\Outputs\TD3_v13_6_GF_MS01_Output\TD3_Test_Results_v13_6.mat
primary,TD3_GF_MS02,training_stats,raw_mat/primary/TD3_GF_MS02/training_stats.mat,99404,9634e11b88c5f0e45221664861b785c8306d4f6fc7230f925db57fd68d31d217,9634e11b88c5f0e45221664861b785c8306d4f6fc7230f925db57fd68d31d217,,fa2e90ec6c57c116dab68cd028908a9e90bb2dcdf836a0974c16b4320caefa67,c6f627bc1af6ec5884058bc43b26e31704e9fb77361c58fb4ac16034d6cd2b9d,D:\RL-Physics\RL_v13_6_GenericFixed_Baseline\Outputs\TD3_v13_6_GF_MS02_Output\TD3_Training_Stats_v13_6.mat
primary,TD3_GF_MS03,training_stats,raw_mat/primary/TD3_GF_MS03/training_stats.mat,564242,2c77cdbbf4ba752c6809d7016d17abe6e97909224cff4f3e277e2d2235455cd6,2c77cdbbf4ba752c6809d7016d17abe6e97909224cff4f3e277e2d2235455cd6,702c3aff8e153bfd3111b2965d140c6e13a2992b687974a75dcfe10a6f384a44,3c5f4e359d69b08f0ffa1fbb2c72c2e0a59a67b5dad85b10943179528b5c5b7a,c6f627bc1af6ec5884058bc43b26e31704e9fb77361c58fb4ac16034d6cd2b9d,D:\RL-Physics\RL_v13_6_GenericFixed_Baseline\Outputs\TD3_v13_6_GF_MS03_Output\TD3_Training_Stats_v13_6.mat
primary,TD3_GF_MS03,final_test,raw_mat/primary/TD3_GF_MS03/final_test.mat,622286,5314657d9e4739066fbd4b9807b6133aaebf8a2ac4385e80f32959920d90abd1,5314657d9e4739066fbd4b9807b6133aaebf8a2ac4385e80f32959920d90abd1,702c3aff8e153bfd3111b2965d140c6e13a2992b687974a75dcfe10a6f384a44,3c5f4e359d69b08f0ffa1fbb2c72c2e0a59a67b5dad85b10943179528b5c5b7a,c6f627bc1af6ec5884058bc43b26e31704e9fb77361c58fb4ac16034d6cd2b9d,D:\RL-Physics\RL_v13_6_GenericFixed_Baseline\Outputs\TD3_v13_6_GF_MS03_Output\TD3_Test_Results_v13_6.mat
primary,TD3_GF_MS04,training_stats,raw_mat/primary/TD3_GF_MS04/training_stats.mat,568740,28e1860950c820be13d150021af34387d5f7a0cb57ddcd4bbabcb72caf7e5c5b,28e1860950c820be13d150021af34387d5f7a0cb57ddcd4bbabcb72caf7e5c5b,702c3aff8e153bfd3111b2965d140c6e13a2992b687974a75dcfe10a6f384a44,3c5f4e359d69b08f0ffa1fbb2c72c2e0a59a67b5dad85b10943179528b5c5b7a,c6f627bc1af6ec5884058bc43b26e31704e9fb77361c58fb4ac16034d6cd2b9d,D:\RL-Physics\RL_v13_6_GenericFixed_Baseline\Outputs\TD3_v13_6_GF_MS04_Output\TD3_Training_Stats_v13_6.mat
primary,TD3_GF_MS04,final_test,raw_mat/primary/TD3_GF_MS04/final_test.mat,643265,e02b88a257b4bac5047620d0850b2b3be66c774004f745fdb824351cb39a0232,e02b88a257b4bac5047620d0850b2b3be66c774004f745fdb824351cb39a0232,702c3aff8e153bfd3111b2965d140c6e13a2992b687974a75dcfe10a6f384a44,3c5f4e359d69b08f0ffa1fbb2c72c2e0a59a67b5dad85b10943179528b5c5b7a,c6f627bc1af6ec5884058bc43b26e31704e9fb77361c58fb4ac16034d6cd2b9d,D:\RL-Physics\RL_v13_6_GenericFixed_Baseline\Outputs\TD3_v13_6_GF_MS04_Output\TD3_Test_Results_v13_6.mat
primary,TD3_GF_MS05,training_stats,raw_mat/primary/TD3_GF_MS05/training_stats.mat,503287,65056cc71d0b9f679859202c1106b2f8aca9756e44c4fa9d72419e1d8745d21f,65056cc71d0b9f679859202c1106b2f8aca9756e44c4fa9d72419e1d8745d21f,702c3aff8e153bfd3111b2965d140c6e13a2992b687974a75dcfe10a6f384a44,3c5f4e359d69b08f0ffa1fbb2c72c2e0a59a67b5dad85b10943179528b5c5b7a,c6f627bc1af6ec5884058bc43b26e31704e9fb77361c58fb4ac16034d6cd2b9d,D:\RL-Physics\RL_v13_6_GenericFixed_Baseline\Outputs\TD3_v13_6_GF_MS05_Output\TD3_Training_Stats_v13_6.mat
primary,TD3_GF_MS05,final_test,raw_mat/primary/TD3_GF_MS05/final_test.mat,587306,3b0e2e7f97c717574aeb8468782e82c8f3c7a80063575f264803bdd3fec964f8,3b0e2e7f97c717574aeb8468782e82c8f3c7a80063575f264803bdd3fec964f8,702c3aff8e153bfd3111b2965d140c6e13a2992b687974a75dcfe10a6f384a44,3c5f4e359d69b08f0ffa1fbb2c72c2e0a59a67b5dad85b10943179528b5c5b7a,c6f627bc1af6ec5884058bc43b26e31704e9fb77361c58fb4ac16034d6cd2b9d,D:\RL-Physics\RL_v13_6_GenericFixed_Baseline\Outputs\TD3_v13_6_GF_MS05_Output\TD3_Test_Results_v13_6.mat
primary,TD3_PG_MS01,training_stats,raw_mat/primary/TD3_PG_MS01/training_stats.mat,458918,f258449e0b7e362f29275f593fed43747b53f2d53d6996f5150f50665e782809,f258449e0b7e362f29275f593fed43747b53f2d53d6996f5150f50665e782809,702c3aff8e153bfd3111b2965d140c6e13a2992b687974a75dcfe10a6f384a44,1274c52cd82c512c715b9d2db2c7bd52b6530311bf2d7b2e7407be060f65254f,720be3a827e1f4c66129906cd3d5617d79dcb42ccd01e37682e7798aa8b0abf2,D:\RL-Physics\RL_v13_6_FinalValidation_Phase1\TD3\Outputs\Luaran TD3 V13.6\TD3_Training_Stats_v13_6.mat
primary,TD3_PG_MS01,final_test,raw_mat/primary/TD3_PG_MS01/final_test.mat,591156,fde548a4af4e3ee3efc24ef8b237df9916deb16813ec292b581237d09660c16f,fde548a4af4e3ee3efc24ef8b237df9916deb16813ec292b581237d09660c16f,702c3aff8e153bfd3111b2965d140c6e13a2992b687974a75dcfe10a6f384a44,1274c52cd82c512c715b9d2db2c7bd52b6530311bf2d7b2e7407be060f65254f,720be3a827e1f4c66129906cd3d5617d79dcb42ccd01e37682e7798aa8b0abf2,D:\RL-Physics\RL_v13_6_FinalValidation_Phase1\TD3\Outputs\Luaran TD3 V13.6\TD3_Test_Results_v13_6.mat
primary,TD3_PG_MS02,training_stats,raw_mat/primary/TD3_PG_MS02/training_stats.mat,566717,1b317e65e952b7b8a43025f45760fe697fc51b7e4b45e27415297562559d4239,1b317e65e952b7b8a43025f45760fe697fc51b7e4b45e27415297562559d4239,702c3aff8e153bfd3111b2965d140c6e13a2992b687974a75dcfe10a6f384a44,1274c52cd82c512c715b9d2db2c7bd52b6530311bf2d7b2e7407be060f65254f,720be3a827e1f4c66129906cd3d5617d79dcb42ccd01e37682e7798aa8b0abf2,D:\RL-Physics\RL_v13_6_FinalValidation_Phase1\TD3\Outputs\TD3_v13_6_MS02_Output\TD3_Training_Stats_v13_6.mat
primary,TD3_PG_MS02,final_test,raw_mat/primary/TD3_PG_MS02/final_test.mat,539924,6c252d1315a784afebfb0b7b698bacb8da87a1ec156e2fbb3253273ef65eec0d,6c252d1315a784afebfb0b7b698bacb8da87a1ec156e2fbb3253273ef65eec0d,702c3aff8e153bfd3111b2965d140c6e13a2992b687974a75dcfe10a6f384a44,1274c52cd82c512c715b9d2db2c7bd52b6530311bf2d7b2e7407be060f65254f,720be3a827e1f4c66129906cd3d5617d79dcb42ccd01e37682e7798aa8b0abf2,D:\RL-Physics\RL_v13_6_FinalValidation_Phase1\TD3\Outputs\TD3_v13_6_MS02_Output\TD3_Test_Results_v13_6.mat
primary,TD3_PG_MS03,training_stats,raw_mat/primary/TD3_PG_MS03/training_stats.mat,526609,07492ce7f694ea225283aa0f7eaff166c118b819ad98aa92f5f33129be734dbc,07492ce7f694ea225283aa0f7eaff166c118b819ad98aa92f5f33129be734dbc,702c3aff8e153bfd3111b2965d140c6e13a2992b687974a75dcfe10a6f384a44,1274c52cd82c512c715b9d2db2c7bd52b6530311bf2d7b2e7407be060f65254f,720be3a827e1f4c66129906cd3d5617d79dcb42ccd01e37682e7798aa8b0abf2,D:\RL-Physics\RL_v13_6_FinalValidation_Phase1\TD3\Outputs\TD3_v13_6_MS03_Output\TD3_Training_Stats_v13_6.mat
primary,TD3_PG_MS03,final_test,raw_mat/primary/TD3_PG_MS03/final_test.mat,524296,066170a910485151824bd8196b086c9a91d565c20ecc6dff7bcfcfd969da9b80,066170a910485151824bd8196b086c9a91d565c20ecc6dff7bcfcfd969da9b80,702c3aff8e153bfd3111b2965d140c6e13a2992b687974a75dcfe10a6f384a44,1274c52cd82c512c715b9d2db2c7bd52b6530311bf2d7b2e7407be060f65254f,720be3a827e1f4c66129906cd3d5617d79dcb42ccd01e37682e7798aa8b0abf2,D:\RL-Physics\RL_v13_6_FinalValidation_Phase1\TD3\Outputs\TD3_v13_6_MS03_Output\TD3_Test_Results_v13_6.mat
primary,TD3_PG_MS04,training_stats,raw_mat/primary/TD3_PG_MS04/training_stats.mat,530938,b6286ededf0425f0e8e9d2ea555103788feccc4fda32ad356e3ede44b6038c18,b6286ededf0425f0e8e9d2ea555103788feccc4fda32ad356e3ede44b6038c18,702c3aff8e153bfd3111b2965d140c6e13a2992b687974a75dcfe10a6f384a44,1274c52cd82c512c715b9d2db2c7bd52b6530311bf2d7b2e7407be060f65254f,720be3a827e1f4c66129906cd3d5617d79dcb42ccd01e37682e7798aa8b0abf2,D:\RL-Physics\RL_v13_6_FinalValidation_Phase1\TD3\Outputs\TD3_v13_6_MS04_Output\TD3_Training_Stats_v13_6.mat
primary,TD3_PG_MS04,final_test,raw_mat/primary/TD3_PG_MS04/final_test.mat,539607,0a69154c36c9707e8332ef4614037fef1f9861e9a5b92ec815780deca9817517,0a69154c36c9707e8332ef4614037fef1f9861e9a5b92ec815780deca9817517,702c3aff8e153bfd3111b2965d140c6e13a2992b687974a75dcfe10a6f384a44,1274c52cd82c512c715b9d2db2c7bd52b6530311bf2d7b2e7407be060f65254f,720be3a827e1f4c66129906cd3d5617d79dcb42ccd01e37682e7798aa8b0abf2,D:\RL-Physics\RL_v13_6_FinalValidation_Phase1\TD3\Outputs\TD3_v13_6_MS04_Output\TD3_Test_Results_v13_6.mat
primary,TD3_PG_MS05,training_stats,raw_mat/primary/TD3_PG_MS05/training_stats.mat,647520,fbfaa4b05bd60f4466369723b8e1ea16f8ad07afdc220313c59f9c3c3926cd03,fbfaa4b05bd60f4466369723b8e1ea16f8ad07afdc220313c59f9c3c3926cd03,702c3aff8e153bfd3111b2965d140c6e13a2992b687974a75dcfe10a6f384a44,1274c52cd82c512c715b9d2db2c7bd52b6530311bf2d7b2e7407be060f65254f,720be3a827e1f4c66129906cd3d5617d79dcb42ccd01e37682e7798aa8b0abf2,D:\RL-Physics\RL_v13_6_FinalValidation_Phase1\TD3\Outputs\TD3_v13_6_MS05_Output\TD3_Training_Stats_v13_6.mat
primary,TD3_PG_MS05,final_test,raw_mat/primary/TD3_PG_MS05/final_test.mat,631889,06ca4f5f0aa58a70878c639f79fff30f1ce1da61dc800f55a18ad36e452e5be0,06ca4f5f0aa58a70878c639f79fff30f1ce1da61dc800f55a18ad36e452e5be0,702c3aff8e153bfd3111b2965d140c6e13a2992b687974a75dcfe10a6f384a44,1274c52cd82c512c715b9d2db2c7bd52b6530311bf2d7b2e7407be060f65254f,720be3a827e1f4c66129906cd3d5617d79dcb42ccd01e37682e7798aa8b0abf2,D:\RL-Physics\RL_v13_6_FinalValidation_Phase1\TD3\Outputs\TD3_v13_6_MS05_Output\TD3_Test_Results_v13_6.mat
ablation,DDPG_A1_MS01,training_stats,raw_mat/ablation/DDPG_A1_MS01/training_stats.mat,627603,def2a7ffb011a2dd9093d34ef1cbd91ee124105ad5228c10a7771abedec67174,def2a7ffb011a2dd9093d34ef1cbd91ee124105ad5228c10a7771abedec67174,702c3aff8e153bfd3111b2965d140c6e13a2992b687974a75dcfe10a6f384a44,1274c52cd82c512c715b9d2db2c7bd52b6530311bf2d7b2e7407be060f65254f,8a0a30675995ab320b9e98804e1640ad81bac0e848be47098c5c3d7897d52110,D:\RL-Physics\Selective ablation\Ablation_A1_A4_v2_HistoricalBudget\Outputs\DDPG_A1_MS01_Output\DDPG_A1_MS01_Training_Stats_v13_6.mat
ablation,DDPG_A1_MS01,final_test,raw_mat/ablation/DDPG_A1_MS01/final_test.mat,642171,4ffad83d5ef776711dfe4f73f55904920281067752f3c08c1429469934819ede,4ffad83d5ef776711dfe4f73f55904920281067752f3c08c1429469934819ede,702c3aff8e153bfd3111b2965d140c6e13a2992b687974a75dcfe10a6f384a44,1274c52cd82c512c715b9d2db2c7bd52b6530311bf2d7b2e7407be060f65254f,8a0a30675995ab320b9e98804e1640ad81bac0e848be47098c5c3d7897d52110,D:\RL-Physics\Selective ablation\Ablation_A1_A4_v2_HistoricalBudget\Outputs\DDPG_A1_MS01_Output\DDPG_A1_MS01_FinalTest_v13_6.mat
ablation,DDPG_A1_MS03,training_stats,raw_mat/ablation/DDPG_A1_MS03/training_stats.mat,649016,dd9359cfdca0d498f2ecbaac8e3a4df0539145d4bab2072597e61a458a7b41f9,dd9359cfdca0d498f2ecbaac8e3a4df0539145d4bab2072597e61a458a7b41f9,702c3aff8e153bfd3111b2965d140c6e13a2992b687974a75dcfe10a6f384a44,1274c52cd82c512c715b9d2db2c7bd52b6530311bf2d7b2e7407be060f65254f,8a0a30675995ab320b9e98804e1640ad81bac0e848be47098c5c3d7897d52110,D:\RL-Physics\Selective ablation\Ablation_A1_A4_v2_HistoricalBudget\Outputs\DDPG_A1_MS03_Output\DDPG_A1_MS03_Training_Stats_v13_6.mat
ablation,DDPG_A1_MS03,final_test,raw_mat/ablation/DDPG_A1_MS03/final_test.mat,956534,f011cb25235cb16b7761cf61cb4e9fe525aa3ef5d2829154acd4a64051580421,f011cb25235cb16b7761cf61cb4e9fe525aa3ef5d2829154acd4a64051580421,702c3aff8e153bfd3111b2965d140c6e13a2992b687974a75dcfe10a6f384a44,1274c52cd82c512c715b9d2db2c7bd52b6530311bf2d7b2e7407be060f65254f,8a0a30675995ab320b9e98804e1640ad81bac0e848be47098c5c3d7897d52110,D:\RL-Physics\Selective ablation\Ablation_A1_A4_v2_HistoricalBudget\Outputs\DDPG_A1_MS03_Output\DDPG_A1_MS03_FinalTest_v13_6.mat
ablation,DDPG_A1_MS05,training_stats,raw_mat/ablation/DDPG_A1_MS05/training_stats.mat,95217,1eac23bc8dca1069b5e48db4240785897b1d42f686cda7fdeffd345ff6741780,1eac23bc8dca1069b5e48db4240785897b1d42f686cda7fdeffd345ff6741780,,fdc42f84fa678c89cc7601b3a608cad841d3ba652691d4e3695e74243a516192,8a0a30675995ab320b9e98804e1640ad81bac0e848be47098c5c3d7897d52110,D:\RL-Physics\Selective ablation\Ablation_A1_A4_v2_HistoricalBudget\Outputs\DDPG_A1_MS05_Output\DDPG_A1_MS05_Training_Stats_v13_6.mat
ablation,DDPG_A2_MS01,training_stats,raw_mat/ablation/DDPG_A2_MS01/training_stats.mat,610321,072264618082a25dcc3c54ad5cf54908e7a4061d2f62824a38fa180e9f3f30ce,072264618082a25dcc3c54ad5cf54908e7a4061d2f62824a38fa180e9f3f30ce,702c3aff8e153bfd3111b2965d140c6e13a2992b687974a75dcfe10a6f384a44,1274c52cd82c512c715b9d2db2c7bd52b6530311bf2d7b2e7407be060f65254f,8a0a30675995ab320b9e98804e1640ad81bac0e848be47098c5c3d7897d52110,D:\RL-Physics\Selective ablation\Ablation_A1_A4_v2_HistoricalBudget\Outputs\DDPG_A2_MS01_Output\DDPG_A2_MS01_Training_Stats_v13_6.mat
ablation,DDPG_A2_MS01,final_test,raw_mat/ablation/DDPG_A2_MS01/final_test.mat,560930,c00049bb944f9a79f4ab62e45fcf02e1a711b44f05b6b26b837f68f058b0aed6,c00049bb944f9a79f4ab62e45fcf02e1a711b44f05b6b26b837f68f058b0aed6,702c3aff8e153bfd3111b2965d140c6e13a2992b687974a75dcfe10a6f384a44,1274c52cd82c512c715b9d2db2c7bd52b6530311bf2d7b2e7407be060f65254f,8a0a30675995ab320b9e98804e1640ad81bac0e848be47098c5c3d7897d52110,D:\RL-Physics\Selective ablation\Ablation_A1_A4_v2_HistoricalBudget\Outputs\DDPG_A2_MS01_Output\DDPG_A2_MS01_FinalTest_v13_6.mat
ablation,DDPG_A2_MS03,training_stats,raw_mat/ablation/DDPG_A2_MS03/training_stats.mat,557394,20a302c6d98a13eff16e59172cbcc18cf084689085a90ced33ced09076a5bb45,20a302c6d98a13eff16e59172cbcc18cf084689085a90ced33ced09076a5bb45,702c3aff8e153bfd3111b2965d140c6e13a2992b687974a75dcfe10a6f384a44,1274c52cd82c512c715b9d2db2c7bd52b6530311bf2d7b2e7407be060f65254f,8a0a30675995ab320b9e98804e1640ad81bac0e848be47098c5c3d7897d52110,D:\RL-Physics\Selective ablation\Ablation_A1_A4_v2_HistoricalBudget\Outputs\DDPG_A2_MS03_Output\DDPG_A2_MS03_Training_Stats_v13_6.mat
ablation,DDPG_A2_MS03,final_test,raw_mat/ablation/DDPG_A2_MS03/final_test.mat,585028,189433266e887662d4dad8b0506b4425984be4a4871a39cacdcb93f52fec6dc9,189433266e887662d4dad8b0506b4425984be4a4871a39cacdcb93f52fec6dc9,702c3aff8e153bfd3111b2965d140c6e13a2992b687974a75dcfe10a6f384a44,1274c52cd82c512c715b9d2db2c7bd52b6530311bf2d7b2e7407be060f65254f,8a0a30675995ab320b9e98804e1640ad81bac0e848be47098c5c3d7897d52110,D:\RL-Physics\Selective ablation\Ablation_A1_A4_v2_HistoricalBudget\Outputs\DDPG_A2_MS03_Output\DDPG_A2_MS03_FinalTest_v13_6.mat
ablation,DDPG_A2_MS05,training_stats,raw_mat/ablation/DDPG_A2_MS05/training_stats.mat,581510,4db2758127c1a2dcbaf70b136e02029bd92ec37ca1e7a32b9c013d8efd82fde9,4db2758127c1a2dcbaf70b136e02029bd92ec37ca1e7a32b9c013d8efd82fde9,702c3aff8e153bfd3111b2965d140c6e13a2992b687974a75dcfe10a6f384a44,1274c52cd82c512c715b9d2db2c7bd52b6530311bf2d7b2e7407be060f65254f,8a0a30675995ab320b9e98804e1640ad81bac0e848be47098c5c3d7897d52110,D:\RL-Physics\Selective ablation\Ablation_A1_A4_v2_HistoricalBudget\Outputs\DDPG_A2_MS05_Output\DDPG_A2_MS05_Training_Stats_v13_6.mat
ablation,DDPG_A2_MS05,final_test,raw_mat/ablation/DDPG_A2_MS05/final_test.mat,742602,0904c340118e615bddd1a72bd70c85b0f7683d6d263a990c9aec5cfcb3d9571b,0904c340118e615bddd1a72bd70c85b0f7683d6d263a990c9aec5cfcb3d9571b,702c3aff8e153bfd3111b2965d140c6e13a2992b687974a75dcfe10a6f384a44,1274c52cd82c512c715b9d2db2c7bd52b6530311bf2d7b2e7407be060f65254f,8a0a30675995ab320b9e98804e1640ad81bac0e848be47098c5c3d7897d52110,D:\RL-Physics\Selective ablation\Ablation_A1_A4_v2_HistoricalBudget\Outputs\DDPG_A2_MS05_Output\DDPG_A2_MS05_FinalTest_v13_6.mat
ablation,DDPG_A3_MS01,training_stats,raw_mat/ablation/DDPG_A3_MS01/training_stats.mat,96588,e578eb1ca0a927d69da0e929e89146cfa26dd994aa79ed557a01c35253c7d0a1,e578eb1ca0a927d69da0e929e89146cfa26dd994aa79ed557a01c35253c7d0a1,,55a7a709a9ae9fbad1d20299394f7d718326923a10f131642601acb891d87400,8a0a30675995ab320b9e98804e1640ad81bac0e848be47098c5c3d7897d52110,D:\RL-Physics\Selective ablation\Ablation_A1_A4_v2_HistoricalBudget\Outputs\DDPG_A3_MS01_Output\DDPG_A3_MS01_Training_Stats_v13_6.mat
ablation,DDPG_A3_MS03,training_stats,raw_mat/ablation/DDPG_A3_MS03/training_stats.mat,98384,2f1aa2d8c7d4ec81732fc34e1b9bd763a2ffc61073736db59b268d05ba6469d2,2f1aa2d8c7d4ec81732fc34e1b9bd763a2ffc61073736db59b268d05ba6469d2,,55a7a709a9ae9fbad1d20299394f7d718326923a10f131642601acb891d87400,8a0a30675995ab320b9e98804e1640ad81bac0e848be47098c5c3d7897d52110,D:\RL-Physics\Selective ablation\Ablation_A1_A4_v2_HistoricalBudget\Outputs\DDPG_A3_MS03_Output\DDPG_A3_MS03_Training_Stats_v13_6.mat
ablation,DDPG_A3_MS05,training_stats,raw_mat/ablation/DDPG_A3_MS05/training_stats.mat,96839,ea716b99e2b4fb50584514fef95a3ed3f1fe171608c8ce85b7a2efac0e36eef0,ea716b99e2b4fb50584514fef95a3ed3f1fe171608c8ce85b7a2efac0e36eef0,,55a7a709a9ae9fbad1d20299394f7d718326923a10f131642601acb891d87400,8a0a30675995ab320b9e98804e1640ad81bac0e848be47098c5c3d7897d52110,D:\RL-Physics\Selective ablation\Ablation_A1_A4_v2_HistoricalBudget\Outputs\DDPG_A3_MS05_Output\DDPG_A3_MS05_Training_Stats_v13_6.mat
ablation,DDPG_A4_MS01,training_stats,raw_mat/ablation/DDPG_A4_MS01/training_stats.mat,598546,6809cdf21ef24242f58542397bf6576da768ea11ea07b0842564c786ccc9dba4,6809cdf21ef24242f58542397bf6576da768ea11ea07b0842564c786ccc9dba4,702c3aff8e153bfd3111b2965d140c6e13a2992b687974a75dcfe10a6f384a44,83e69601f132442d93743d41eefb6d12ad5714606f9eaaed9562c54b3583287b,8a0a30675995ab320b9e98804e1640ad81bac0e848be47098c5c3d7897d52110,D:\RL-Physics\Selective ablation\Ablation_A1_A4_v2_HistoricalBudget\Outputs\DDPG_A4_MS01_Output\DDPG_A4_MS01_Training_Stats_v13_6.mat
ablation,DDPG_A4_MS01,final_test,raw_mat/ablation/DDPG_A4_MS01/final_test.mat,745799,7549f8a2f76c70aa91d64ca161705d97b31c9c3d6d26578c77cb3ee379130e27,7549f8a2f76c70aa91d64ca161705d97b31c9c3d6d26578c77cb3ee379130e27,702c3aff8e153bfd3111b2965d140c6e13a2992b687974a75dcfe10a6f384a44,83e69601f132442d93743d41eefb6d12ad5714606f9eaaed9562c54b3583287b,8a0a30675995ab320b9e98804e1640ad81bac0e848be47098c5c3d7897d52110,D:\RL-Physics\Selective ablation\Ablation_A1_A4_v2_HistoricalBudget\Outputs\DDPG_A4_MS01_Output\DDPG_A4_MS01_FinalTest_v13_6.mat
ablation,DDPG_A4_MS03,training_stats,raw_mat/ablation/DDPG_A4_MS03/training_stats.mat,835046,5b951a2495111024ce4ca26878b64a06d4943302328e214691f6d25a390a2969,5b951a2495111024ce4ca26878b64a06d4943302328e214691f6d25a390a2969,702c3aff8e153bfd3111b2965d140c6e13a2992b687974a75dcfe10a6f384a44,83e69601f132442d93743d41eefb6d12ad5714606f9eaaed9562c54b3583287b,8a0a30675995ab320b9e98804e1640ad81bac0e848be47098c5c3d7897d52110,D:\RL-Physics\Selective ablation\Ablation_A1_A4_v2_HistoricalBudget\Outputs\DDPG_A4_MS03_Output\DDPG_A4_MS03_Training_Stats_v13_6.mat
ablation,DDPG_A4_MS03,final_test,raw_mat/ablation/DDPG_A4_MS03/final_test.mat,584407,d57004602ec9df8e56d7c6d21e9bc4d64db2cf52e64ef1c141658408fd319463,d57004602ec9df8e56d7c6d21e9bc4d64db2cf52e64ef1c141658408fd319463,702c3aff8e153bfd3111b2965d140c6e13a2992b687974a75dcfe10a6f384a44,83e69601f132442d93743d41eefb6d12ad5714606f9eaaed9562c54b3583287b,8a0a30675995ab320b9e98804e1640ad81bac0e848be47098c5c3d7897d52110,D:\RL-Physics\Selective ablation\Ablation_A1_A4_v2_HistoricalBudget\Outputs\DDPG_A4_MS03_Output\DDPG_A4_MS03_FinalTest_v13_6.mat
ablation,DDPG_A4_MS05,training_stats,raw_mat/ablation/DDPG_A4_MS05/training_stats.mat,269034,429dc0ffc084c51ce45248496c397ed6db128ef58a7981ce39c06a1f3936ded3,429dc0ffc084c51ce45248496c397ed6db128ef58a7981ce39c06a1f3936ded3,,6a580ed6c33c6cc4594958d34531726070988073af44743ad4119dd629e1e2a2,8a0a30675995ab320b9e98804e1640ad81bac0e848be47098c5c3d7897d52110,D:\RL-Physics\Selective ablation\Ablation_A1_A4_v2_HistoricalBudget\Outputs\DDPG_A4_MS05_Output\DDPG_A4_MS05_Training_Stats_v13_6.mat
ablation,SAC_A1_MS01,training_stats,raw_mat/ablation/SAC_A1_MS01/training_stats.mat,498396,876baf77176f14a7c6e6b4b3237bc8de8d57be838554f0bbaba34baa31ef1c1a,876baf77176f14a7c6e6b4b3237bc8de8d57be838554f0bbaba34baa31ef1c1a,702c3aff8e153bfd3111b2965d140c6e13a2992b687974a75dcfe10a6f384a44,1274c52cd82c512c715b9d2db2c7bd52b6530311bf2d7b2e7407be060f65254f,e6b30dffee30c2fa6f85148d23c0d1cbebc8bf9c0bd885bea90c2ae2a65ec3e1,D:\RL-Physics\Selective ablation\Ablation_A1_A4_v2_HistoricalBudget\Outputs\SAC_A1_MS01_Output\SAC_A1_MS01_Training_Stats_v13_6.mat
ablation,SAC_A1_MS01,final_test,raw_mat/ablation/SAC_A1_MS01/final_test.mat,641934,0ce6477427c6c593e0108ba73bde968b7a21afa53fb3ca6143f0630c341731ca,0ce6477427c6c593e0108ba73bde968b7a21afa53fb3ca6143f0630c341731ca,702c3aff8e153bfd3111b2965d140c6e13a2992b687974a75dcfe10a6f384a44,1274c52cd82c512c715b9d2db2c7bd52b6530311bf2d7b2e7407be060f65254f,e6b30dffee30c2fa6f85148d23c0d1cbebc8bf9c0bd885bea90c2ae2a65ec3e1,D:\RL-Physics\Selective ablation\Ablation_A1_A4_v2_HistoricalBudget\Outputs\SAC_A1_MS01_Output\SAC_A1_MS01_FinalTest_v13_6.mat
ablation,SAC_A1_MS03,training_stats,raw_mat/ablation/SAC_A1_MS03/training_stats.mat,452051,2b9d6a62918cbe27d74d831f2aebea69a6d4e68fa3acf8af1bc657c52d8ba50c,2b9d6a62918cbe27d74d831f2aebea69a6d4e68fa3acf8af1bc657c52d8ba50c,702c3aff8e153bfd3111b2965d140c6e13a2992b687974a75dcfe10a6f384a44,1274c52cd82c512c715b9d2db2c7bd52b6530311bf2d7b2e7407be060f65254f,e6b30dffee30c2fa6f85148d23c0d1cbebc8bf9c0bd885bea90c2ae2a65ec3e1,D:\RL-Physics\Selective ablation\Ablation_A1_A4_v2_HistoricalBudget\Outputs\SAC_A1_MS03_Output\SAC_A1_MS03_Training_Stats_v13_6.mat
ablation,SAC_A1_MS03,final_test,raw_mat/ablation/SAC_A1_MS03/final_test.mat,573923,c332bed226c245937a8362200e23cb6f72bf88d5b575f961f5439183ee197119,c332bed226c245937a8362200e23cb6f72bf88d5b575f961f5439183ee197119,702c3aff8e153bfd3111b2965d140c6e13a2992b687974a75dcfe10a6f384a44,1274c52cd82c512c715b9d2db2c7bd52b6530311bf2d7b2e7407be060f65254f,e6b30dffee30c2fa6f85148d23c0d1cbebc8bf9c0bd885bea90c2ae2a65ec3e1,D:\RL-Physics\Selective ablation\Ablation_A1_A4_v2_HistoricalBudget\Outputs\SAC_A1_MS03_Output\SAC_A1_MS03_FinalTest_v13_6.mat
ablation,SAC_A2_MS01,training_stats,raw_mat/ablation/SAC_A2_MS01/training_stats.mat,435945,083bb553e82dcc9fc34bf3b27b3b9fc032dd91d7b265cb887c02ace48d7804cf,083bb553e82dcc9fc34bf3b27b3b9fc032dd91d7b265cb887c02ace48d7804cf,702c3aff8e153bfd3111b2965d140c6e13a2992b687974a75dcfe10a6f384a44,1274c52cd82c512c715b9d2db2c7bd52b6530311bf2d7b2e7407be060f65254f,e6b30dffee30c2fa6f85148d23c0d1cbebc8bf9c0bd885bea90c2ae2a65ec3e1,D:\RL-Physics\Selective ablation\Ablation_A1_A4_v2_HistoricalBudget\Outputs\SAC_A2_MS01_Output\SAC_A2_MS01_Training_Stats_v13_6.mat
ablation,SAC_A2_MS01,final_test,raw_mat/ablation/SAC_A2_MS01/final_test.mat,632295,f3cf2b6cf3a14a0d5458ede860c0ef94762d8e3d0517cc90268f6b28d9af9624,f3cf2b6cf3a14a0d5458ede860c0ef94762d8e3d0517cc90268f6b28d9af9624,702c3aff8e153bfd3111b2965d140c6e13a2992b687974a75dcfe10a6f384a44,1274c52cd82c512c715b9d2db2c7bd52b6530311bf2d7b2e7407be060f65254f,e6b30dffee30c2fa6f85148d23c0d1cbebc8bf9c0bd885bea90c2ae2a65ec3e1,D:\RL-Physics\Selective ablation\Ablation_A1_A4_v2_HistoricalBudget\Outputs\SAC_A2_MS01_Output\SAC_A2_MS01_FinalTest_v13_6.mat
ablation,SAC_A2_MS03,training_stats,raw_mat/ablation/SAC_A2_MS03/training_stats.mat,448372,c4897ff504d528d7a4febb52070eb5fba1ea924a299f5954d5c87eb9fafdd9a2,c4897ff504d528d7a4febb52070eb5fba1ea924a299f5954d5c87eb9fafdd9a2,702c3aff8e153bfd3111b2965d140c6e13a2992b687974a75dcfe10a6f384a44,1274c52cd82c512c715b9d2db2c7bd52b6530311bf2d7b2e7407be060f65254f,e6b30dffee30c2fa6f85148d23c0d1cbebc8bf9c0bd885bea90c2ae2a65ec3e1,D:\RL-Physics\Selective ablation\Ablation_A1_A4_v2_HistoricalBudget\Outputs\SAC_A2_MS03_Output\SAC_A2_MS03_Training_Stats_v13_6.mat
ablation,SAC_A2_MS03,final_test,raw_mat/ablation/SAC_A2_MS03/final_test.mat,927599,02725fa2d0d7acf14c5b10dbff0a195de3dd3100dc3dcaf41977d00acf358242,02725fa2d0d7acf14c5b10dbff0a195de3dd3100dc3dcaf41977d00acf358242,702c3aff8e153bfd3111b2965d140c6e13a2992b687974a75dcfe10a6f384a44,1274c52cd82c512c715b9d2db2c7bd52b6530311bf2d7b2e7407be060f65254f,e6b30dffee30c2fa6f85148d23c0d1cbebc8bf9c0bd885bea90c2ae2a65ec3e1,D:\RL-Physics\Selective ablation\Ablation_A1_A4_v2_HistoricalBudget\Outputs\SAC_A2_MS03_Output\SAC_A2_MS03_FinalTest_v13_6.mat
ablation,SAC_A2_MS05,training_stats,raw_mat/ablation/SAC_A2_MS05/training_stats.mat,435014,e15ada86be8e30090acdbed29fe0a7225bf4517339c8e52bcfe243bd8f174551,e15ada86be8e30090acdbed29fe0a7225bf4517339c8e52bcfe243bd8f174551,702c3aff8e153bfd3111b2965d140c6e13a2992b687974a75dcfe10a6f384a44,1274c52cd82c512c715b9d2db2c7bd52b6530311bf2d7b2e7407be060f65254f,e6b30dffee30c2fa6f85148d23c0d1cbebc8bf9c0bd885bea90c2ae2a65ec3e1,D:\RL-Physics\Selective ablation\Ablation_A1_A4_v2_HistoricalBudget\Outputs\SAC_A2_MS05_Output\SAC_A2_MS05_Training_Stats_v13_6.mat
ablation,SAC_A2_MS05,final_test,raw_mat/ablation/SAC_A2_MS05/final_test.mat,622097,93a602a21d08d7eb1e55472f040dabc69257ff1b67e52eed92099022056b9159,93a602a21d08d7eb1e55472f040dabc69257ff1b67e52eed92099022056b9159,702c3aff8e153bfd3111b2965d140c6e13a2992b687974a75dcfe10a6f384a44,1274c52cd82c512c715b9d2db2c7bd52b6530311bf2d7b2e7407be060f65254f,e6b30dffee30c2fa6f85148d23c0d1cbebc8bf9c0bd885bea90c2ae2a65ec3e1,D:\RL-Physics\Selective ablation\Ablation_A1_A4_v2_HistoricalBudget\Outputs\SAC_A2_MS05_Output\SAC_A2_MS05_FinalTest_v13_6.mat
ablation,SAC_A3_MS01,training_stats,raw_mat/ablation/SAC_A3_MS01/training_stats.mat,616870,089bcf2eabda710132e4a4dc116c80683f66ba974a3f2b21072c1bc96a7e7942,089bcf2eabda710132e4a4dc116c80683f66ba974a3f2b21072c1bc96a7e7942,,5b819260b44b9cfa0ebc844efed100878ec2b07929741c482b73d9ca8b5f1a45,e6b30dffee30c2fa6f85148d23c0d1cbebc8bf9c0bd885bea90c2ae2a65ec3e1,D:\RL-Physics\Selective ablation\Ablation_A1_A4_v2_HistoricalBudget\Outputs\SAC_A3_MS01_Output\SAC_A3_MS01_Training_Stats_v13_6.mat
ablation,SAC_A3_MS03,training_stats,raw_mat/ablation/SAC_A3_MS03/training_stats.mat,483697,fbf43c4a70163a34084e94c13c6b3e1142cf5e1a5c34472b35846f05ca3a22db,fbf43c4a70163a34084e94c13c6b3e1142cf5e1a5c34472b35846f05ca3a22db,702c3aff8e153bfd3111b2965d140c6e13a2992b687974a75dcfe10a6f384a44,5b819260b44b9cfa0ebc844efed100878ec2b07929741c482b73d9ca8b5f1a45,e6b30dffee30c2fa6f85148d23c0d1cbebc8bf9c0bd885bea90c2ae2a65ec3e1,D:\RL-Physics\Selective ablation\Ablation_A1_A4_v2_HistoricalBudget\Outputs\SAC_A3_MS03_Output\SAC_A3_MS03_Training_Stats_v13_6.mat
ablation,SAC_A3_MS03,final_test,raw_mat/ablation/SAC_A3_MS03/final_test.mat,864166,845847131add09aa4729067bd7cdd961da3e10c8c8a1983b528eee97dd811a76,845847131add09aa4729067bd7cdd961da3e10c8c8a1983b528eee97dd811a76,702c3aff8e153bfd3111b2965d140c6e13a2992b687974a75dcfe10a6f384a44,5b819260b44b9cfa0ebc844efed100878ec2b07929741c482b73d9ca8b5f1a45,e6b30dffee30c2fa6f85148d23c0d1cbebc8bf9c0bd885bea90c2ae2a65ec3e1,D:\RL-Physics\Selective ablation\Ablation_A1_A4_v2_HistoricalBudget\Outputs\SAC_A3_MS03_Output\SAC_A3_MS03_FinalTest_v13_6.mat
ablation,SAC_A3_MS05,training_stats,raw_mat/ablation/SAC_A3_MS05/training_stats.mat,445368,8465c657fa66784377013cc6cad5bc74720401499969d12d15e212066772cf20,8465c657fa66784377013cc6cad5bc74720401499969d12d15e212066772cf20,702c3aff8e153bfd3111b2965d140c6e13a2992b687974a75dcfe10a6f384a44,5b819260b44b9cfa0ebc844efed100878ec2b07929741c482b73d9ca8b5f1a45,e6b30dffee30c2fa6f85148d23c0d1cbebc8bf9c0bd885bea90c2ae2a65ec3e1,D:\RL-Physics\Selective ablation\Ablation_A1_A4_v2_HistoricalBudget\Outputs\SAC_A3_MS05_Output\SAC_A3_MS05_Training_Stats_v13_6.mat
ablation,SAC_A3_MS05,final_test,raw_mat/ablation/SAC_A3_MS05/final_test.mat,581467,28e0277c4b06e6314d06e9369cd3481ac39659acad08bc275429fcb77cc69318,28e0277c4b06e6314d06e9369cd3481ac39659acad08bc275429fcb77cc69318,702c3aff8e153bfd3111b2965d140c6e13a2992b687974a75dcfe10a6f384a44,5b819260b44b9cfa0ebc844efed100878ec2b07929741c482b73d9ca8b5f1a45,e6b30dffee30c2fa6f85148d23c0d1cbebc8bf9c0bd885bea90c2ae2a65ec3e1,D:\RL-Physics\Selective ablation\Ablation_A1_A4_v2_HistoricalBudget\Outputs\SAC_A3_MS05_Output\SAC_A3_MS05_FinalTest_v13_6.mat
ablation,SAC_A4_MS01,training_stats,raw_mat/ablation/SAC_A4_MS01/training_stats.mat,640243,f76c71a116880b4724e8de99d94a708586d1747c416b3ab1e6951fa25009df06,f76c71a116880b4724e8de99d94a708586d1747c416b3ab1e6951fa25009df06,,83e69601f132442d93743d41eefb6d12ad5714606f9eaaed9562c54b3583287b,e6b30dffee30c2fa6f85148d23c0d1cbebc8bf9c0bd885bea90c2ae2a65ec3e1,D:\RL-Physics\Selective ablation\Ablation_A1_A4_v2_HistoricalBudget\Outputs\SAC_A4_MS01_Output\SAC_A4_MS01_Training_Stats_v13_6.mat
ablation,SAC_A4_MS03,training_stats,raw_mat/ablation/SAC_A4_MS03/training_stats.mat,454176,37d70ec0f0676427687f2ff8c6f6f12096b263b7948b565c45b9bff359e02f23,37d70ec0f0676427687f2ff8c6f6f12096b263b7948b565c45b9bff359e02f23,702c3aff8e153bfd3111b2965d140c6e13a2992b687974a75dcfe10a6f384a44,83e69601f132442d93743d41eefb6d12ad5714606f9eaaed9562c54b3583287b,e6b30dffee30c2fa6f85148d23c0d1cbebc8bf9c0bd885bea90c2ae2a65ec3e1,D:\RL-Physics\Selective ablation\Ablation_A1_A4_v2_HistoricalBudget\Outputs\SAC_A4_MS03_Output\SAC_A4_MS03_Training_Stats_v13_6.mat
ablation,SAC_A4_MS03,final_test,raw_mat/ablation/SAC_A4_MS03/final_test.mat,778229,7d4f04a347601a9d011a1a65c7df8131e4f3b5bd4a1c870787a28aa002c58bce,7d4f04a347601a9d011a1a65c7df8131e4f3b5bd4a1c870787a28aa002c58bce,702c3aff8e153bfd3111b2965d140c6e13a2992b687974a75dcfe10a6f384a44,83e69601f132442d93743d41eefb6d12ad5714606f9eaaed9562c54b3583287b,e6b30dffee30c2fa6f85148d23c0d1cbebc8bf9c0bd885bea90c2ae2a65ec3e1,D:\RL-Physics\Selective ablation\Ablation_A1_A4_v2_HistoricalBudget\Outputs\SAC_A4_MS03_Output\SAC_A4_MS03_FinalTest_v13_6.mat
ablation,SAC_A4_MS05,training_stats,raw_mat/ablation/SAC_A4_MS05/training_stats.mat,411033,fbe394c1d1e0ccf7b7546c630c95759c23a8ed14a897b43ccd8af7a62164c2c0,fbe394c1d1e0ccf7b7546c630c95759c23a8ed14a897b43ccd8af7a62164c2c0,702c3aff8e153bfd3111b2965d140c6e13a2992b687974a75dcfe10a6f384a44,83e69601f132442d93743d41eefb6d12ad5714606f9eaaed9562c54b3583287b,e6b30dffee30c2fa6f85148d23c0d1cbebc8bf9c0bd885bea90c2ae2a65ec3e1,D:\RL-Physics\Selective ablation\Ablation_A1_A4_v2_HistoricalBudget\Outputs\SAC_A4_MS05_Output\SAC_A4_MS05_Training_Stats_v13_6.mat
ablation,SAC_A4_MS05,final_test,raw_mat/ablation/SAC_A4_MS05/final_test.mat,553118,b007d14991c2e2bcde4ff4f6c30aba5517a0d1bf6ca4cc2537b6b317f2981474,b007d14991c2e2bcde4ff4f6c30aba5517a0d1bf6ca4cc2537b6b317f2981474,702c3aff8e153bfd3111b2965d140c6e13a2992b687974a75dcfe10a6f384a44,83e69601f132442d93743d41eefb6d12ad5714606f9eaaed9562c54b3583287b,e6b30dffee30c2fa6f85148d23c0d1cbebc8bf9c0bd885bea90c2ae2a65ec3e1,D:\RL-Physics\Selective ablation\Ablation_A1_A4_v2_HistoricalBudget\Outputs\SAC_A4_MS05_Output\SAC_A4_MS05_FinalTest_v13_6.mat
ablation,TD3_A1_MS01,training_stats,raw_mat/ablation/TD3_A1_MS01/training_stats.mat,490334,ffcaa24b8759c3df056a38e5b2ce992c488e5a160a35a8b5a8430ac882c93e7f,ffcaa24b8759c3df056a38e5b2ce992c488e5a160a35a8b5a8430ac882c93e7f,702c3aff8e153bfd3111b2965d140c6e13a2992b687974a75dcfe10a6f384a44,1274c52cd82c512c715b9d2db2c7bd52b6530311bf2d7b2e7407be060f65254f,720be3a827e1f4c66129906cd3d5617d79dcb42ccd01e37682e7798aa8b0abf2,D:\RL-Physics\Selective ablation\TD3 Confirmatory\TD3_A1_A4_Confirmatory_HistoricalBudget\TD3_A1_MS01\TD3_A1_MS01_Training_Stats_v13_6.mat
ablation,TD3_A1_MS01,final_test,raw_mat/ablation/TD3_A1_MS01/final_test.mat,677534,dc90f09c606d6beb0c7fc255eb235669fc46e145cf27b2d58d7cd3e2ea83257d,dc90f09c606d6beb0c7fc255eb235669fc46e145cf27b2d58d7cd3e2ea83257d,702c3aff8e153bfd3111b2965d140c6e13a2992b687974a75dcfe10a6f384a44,1274c52cd82c512c715b9d2db2c7bd52b6530311bf2d7b2e7407be060f65254f,720be3a827e1f4c66129906cd3d5617d79dcb42ccd01e37682e7798aa8b0abf2,D:\RL-Physics\Selective ablation\TD3 Confirmatory\TD3_A1_A4_Confirmatory_HistoricalBudget\TD3_A1_MS01\TD3_A1_MS01_FinalTest_v13_6.mat
ablation,TD3_A1_MS03,training_stats,raw_mat/ablation/TD3_A1_MS03/training_stats.mat,592156,901cb56bc95bd6c100851ee88a9d65b7c78ed473211436b74e00c5a087eb6efc,901cb56bc95bd6c100851ee88a9d65b7c78ed473211436b74e00c5a087eb6efc,702c3aff8e153bfd3111b2965d140c6e13a2992b687974a75dcfe10a6f384a44,1274c52cd82c512c715b9d2db2c7bd52b6530311bf2d7b2e7407be060f65254f,720be3a827e1f4c66129906cd3d5617d79dcb42ccd01e37682e7798aa8b0abf2,D:\RL-Physics\Selective ablation\TD3 Confirmatory\TD3_A1_A4_Confirmatory_HistoricalBudget\TD3_A1_MS03\TD3_A1_MS03_Training_Stats_v13_6.mat
ablation,TD3_A1_MS03,final_test,raw_mat/ablation/TD3_A1_MS03/final_test.mat,539992,18955189d377d5ac6b45f2d31cba95dd39927714ba40e4e60e5a2ab55e433752,18955189d377d5ac6b45f2d31cba95dd39927714ba40e4e60e5a2ab55e433752,702c3aff8e153bfd3111b2965d140c6e13a2992b687974a75dcfe10a6f384a44,1274c52cd82c512c715b9d2db2c7bd52b6530311bf2d7b2e7407be060f65254f,720be3a827e1f4c66129906cd3d5617d79dcb42ccd01e37682e7798aa8b0abf2,D:\RL-Physics\Selective ablation\TD3 Confirmatory\TD3_A1_A4_Confirmatory_HistoricalBudget\TD3_A1_MS03\TD3_A1_MS03_FinalTest_v13_6.mat
ablation,TD3_A1_MS05,training_stats,raw_mat/ablation/TD3_A1_MS05/training_stats.mat,712511,f047f7a4053217e48accab854b4b25d3eb70e041c873fb1466e52084c0c08456,f047f7a4053217e48accab854b4b25d3eb70e041c873fb1466e52084c0c08456,,1274c52cd82c512c715b9d2db2c7bd52b6530311bf2d7b2e7407be060f65254f,720be3a827e1f4c66129906cd3d5617d79dcb42ccd01e37682e7798aa8b0abf2,D:\RL-Physics\Selective ablation\TD3 Confirmatory\TD3_A1_A4_Confirmatory_HistoricalBudget\TD3_A1_MS05\TD3_A1_MS05_Training_Stats_v13_6.mat
ablation,TD3_A2_MS01,training_stats,raw_mat/ablation/TD3_A2_MS01/training_stats.mat,461764,f354c47c2488d45c9820ed76f44762cf488af8d9aafc9b458facf5af2705ddf8,f354c47c2488d45c9820ed76f44762cf488af8d9aafc9b458facf5af2705ddf8,702c3aff8e153bfd3111b2965d140c6e13a2992b687974a75dcfe10a6f384a44,1274c52cd82c512c715b9d2db2c7bd52b6530311bf2d7b2e7407be060f65254f,720be3a827e1f4c66129906cd3d5617d79dcb42ccd01e37682e7798aa8b0abf2,D:\RL-Physics\Selective ablation\TD3 Confirmatory\TD3_A1_A4_Confirmatory_HistoricalBudget\TD3_A2_MS01\TD3_A2_MS01_Training_Stats_v13_6.mat
ablation,TD3_A2_MS01,final_test,raw_mat/ablation/TD3_A2_MS01/final_test.mat,534390,622d5a830751fe3cba3b3395f060b123460b27efb7ea4c23c7442ff943aefcc9,622d5a830751fe3cba3b3395f060b123460b27efb7ea4c23c7442ff943aefcc9,702c3aff8e153bfd3111b2965d140c6e13a2992b687974a75dcfe10a6f384a44,1274c52cd82c512c715b9d2db2c7bd52b6530311bf2d7b2e7407be060f65254f,720be3a827e1f4c66129906cd3d5617d79dcb42ccd01e37682e7798aa8b0abf2,D:\RL-Physics\Selective ablation\TD3 Confirmatory\TD3_A1_A4_Confirmatory_HistoricalBudget\TD3_A2_MS01\TD3_A2_MS01_FinalTest_v13_6.mat
ablation,TD3_A2_MS03,training_stats,raw_mat/ablation/TD3_A2_MS03/training_stats.mat,521771,16e9525dd59fb7f8d6f9d437ddd9f145ac4f5f9e7d2df242fe55380eafca8511,16e9525dd59fb7f8d6f9d437ddd9f145ac4f5f9e7d2df242fe55380eafca8511,702c3aff8e153bfd3111b2965d140c6e13a2992b687974a75dcfe10a6f384a44,1274c52cd82c512c715b9d2db2c7bd52b6530311bf2d7b2e7407be060f65254f,720be3a827e1f4c66129906cd3d5617d79dcb42ccd01e37682e7798aa8b0abf2,D:\RL-Physics\Selective ablation\TD3 Confirmatory\TD3_A1_A4_Confirmatory_HistoricalBudget\TD3_A2_MS03\TD3_A2_MS03_Training_Stats_v13_6.mat
ablation,TD3_A2_MS03,final_test,raw_mat/ablation/TD3_A2_MS03/final_test.mat,682210,ab09e2b6fca4e8e8cc83a3a785902f86fddacf7eda86bf87e192fb0304dcd9b6,ab09e2b6fca4e8e8cc83a3a785902f86fddacf7eda86bf87e192fb0304dcd9b6,702c3aff8e153bfd3111b2965d140c6e13a2992b687974a75dcfe10a6f384a44,1274c52cd82c512c715b9d2db2c7bd52b6530311bf2d7b2e7407be060f65254f,720be3a827e1f4c66129906cd3d5617d79dcb42ccd01e37682e7798aa8b0abf2,D:\RL-Physics\Selective ablation\TD3 Confirmatory\TD3_A1_A4_Confirmatory_HistoricalBudget\TD3_A2_MS03\TD3_A2_MS03_FinalTest_v13_6.mat
ablation,TD3_A2_MS05,training_stats,raw_mat/ablation/TD3_A2_MS05/training_stats.mat,531341,50130bdec209adb7187c10f81e8c0ea20d352638bbb36c2cc764d97729334770,50130bdec209adb7187c10f81e8c0ea20d352638bbb36c2cc764d97729334770,702c3aff8e153bfd3111b2965d140c6e13a2992b687974a75dcfe10a6f384a44,1274c52cd82c512c715b9d2db2c7bd52b6530311bf2d7b2e7407be060f65254f,720be3a827e1f4c66129906cd3d5617d79dcb42ccd01e37682e7798aa8b0abf2,D:\RL-Physics\Selective ablation\TD3 Confirmatory\TD3_A1_A4_Confirmatory_HistoricalBudget\TD3_A2_MS05\TD3_A2_MS05_Training_Stats_v13_6.mat
ablation,TD3_A2_MS05,final_test,raw_mat/ablation/TD3_A2_MS05/final_test.mat,907443,a8d35abada8a2efbad49379aa6539556df42f2d9c09861521c02a623bc70ef89,a8d35abada8a2efbad49379aa6539556df42f2d9c09861521c02a623bc70ef89,702c3aff8e153bfd3111b2965d140c6e13a2992b687974a75dcfe10a6f384a44,1274c52cd82c512c715b9d2db2c7bd52b6530311bf2d7b2e7407be060f65254f,720be3a827e1f4c66129906cd3d5617d79dcb42ccd01e37682e7798aa8b0abf2,D:\RL-Physics\Selective ablation\TD3 Confirmatory\TD3_A1_A4_Confirmatory_HistoricalBudget\TD3_A2_MS05\TD3_A2_MS05_FinalTest_v13_6.mat
ablation,TD3_A3_MS01,training_stats,raw_mat/ablation/TD3_A3_MS01/training_stats.mat,538081,383d1d4029af9fde7d9ef64a7a74efbd1c3d48398e2c963302f86dc51bd55a65,383d1d4029af9fde7d9ef64a7a74efbd1c3d48398e2c963302f86dc51bd55a65,702c3aff8e153bfd3111b2965d140c6e13a2992b687974a75dcfe10a6f384a44,5b819260b44b9cfa0ebc844efed100878ec2b07929741c482b73d9ca8b5f1a45,720be3a827e1f4c66129906cd3d5617d79dcb42ccd01e37682e7798aa8b0abf2,D:\RL-Physics\Selective ablation\TD3 Confirmatory\TD3_A1_A4_Confirmatory_HistoricalBudget\TD3_A3_MS01\TD3_A3_MS01_Training_Stats_v13_6.mat
ablation,TD3_A3_MS01,final_test,raw_mat/ablation/TD3_A3_MS01/final_test.mat,529291,5bdb54ea173a1a474dfb81772a2482aaea3eaae70f3c0df91d3c3e5e44421448,5bdb54ea173a1a474dfb81772a2482aaea3eaae70f3c0df91d3c3e5e44421448,702c3aff8e153bfd3111b2965d140c6e13a2992b687974a75dcfe10a6f384a44,5b819260b44b9cfa0ebc844efed100878ec2b07929741c482b73d9ca8b5f1a45,720be3a827e1f4c66129906cd3d5617d79dcb42ccd01e37682e7798aa8b0abf2,D:\RL-Physics\Selective ablation\TD3 Confirmatory\TD3_A1_A4_Confirmatory_HistoricalBudget\TD3_A3_MS01\TD3_A3_MS01_FinalTest_v13_6.mat
ablation,TD3_A3_MS03,training_stats,raw_mat/ablation/TD3_A3_MS03/training_stats.mat,97052,8c3ff91446e4e488f96543e32dd567c79a8d158133fecaab72a623236983494e,8c3ff91446e4e488f96543e32dd567c79a8d158133fecaab72a623236983494e,,55a7a709a9ae9fbad1d20299394f7d718326923a10f131642601acb891d87400,720be3a827e1f4c66129906cd3d5617d79dcb42ccd01e37682e7798aa8b0abf2,D:\RL-Physics\Selective ablation\TD3 Confirmatory\TD3_A1_A4_Confirmatory_HistoricalBudget\TD3_A3_MS03\TD3_A3_MS03_Training_Stats_v13_6.mat
ablation,TD3_A3_MS05,training_stats,raw_mat/ablation/TD3_A3_MS05/training_stats.mat,99138,8694c3f75904d4023eb8f2199fb867d5492e98dd3d1cd4729c1c7063811c56fc,8694c3f75904d4023eb8f2199fb867d5492e98dd3d1cd4729c1c7063811c56fc,,55a7a709a9ae9fbad1d20299394f7d718326923a10f131642601acb891d87400,720be3a827e1f4c66129906cd3d5617d79dcb42ccd01e37682e7798aa8b0abf2,D:\RL-Physics\Selective ablation\TD3 Confirmatory\TD3_A1_A4_Confirmatory_HistoricalBudget\TD3_A3_MS05\TD3_A3_MS05_Training_Stats_v13_6.mat
ablation,TD3_A4_MS01,training_stats,raw_mat/ablation/TD3_A4_MS01/training_stats.mat,580769,ab96b19e7ee9e03055f1db5de06c8f751d2aabe825c325966f968fe84fc48c91,ab96b19e7ee9e03055f1db5de06c8f751d2aabe825c325966f968fe84fc48c91,702c3aff8e153bfd3111b2965d140c6e13a2992b687974a75dcfe10a6f384a44,83e69601f132442d93743d41eefb6d12ad5714606f9eaaed9562c54b3583287b,720be3a827e1f4c66129906cd3d5617d79dcb42ccd01e37682e7798aa8b0abf2,D:\RL-Physics\Selective ablation\TD3 Confirmatory\TD3_A1_A4_Confirmatory_HistoricalBudget\TD3_A4_MS01\TD3_A4_MS01_Training_Stats_v13_6.mat
ablation,TD3_A4_MS01,final_test,raw_mat/ablation/TD3_A4_MS01/final_test.mat,519242,f678ae567c5c8dbb73c841247b189693d721010b48f36ca90f7bbdd792837ba6,f678ae567c5c8dbb73c841247b189693d721010b48f36ca90f7bbdd792837ba6,702c3aff8e153bfd3111b2965d140c6e13a2992b687974a75dcfe10a6f384a44,83e69601f132442d93743d41eefb6d12ad5714606f9eaaed9562c54b3583287b,720be3a827e1f4c66129906cd3d5617d79dcb42ccd01e37682e7798aa8b0abf2,D:\RL-Physics\Selective ablation\TD3 Confirmatory\TD3_A1_A4_Confirmatory_HistoricalBudget\TD3_A4_MS01\TD3_A4_MS01_FinalTest_v13_6.mat
ablation,TD3_A4_MS03,training_stats,raw_mat/ablation/TD3_A4_MS03/training_stats.mat,629850,fd9b8a6f826f9f33f055e24016671a85a1b06f89777aca073f47773afb8935d8,fd9b8a6f826f9f33f055e24016671a85a1b06f89777aca073f47773afb8935d8,702c3aff8e153bfd3111b2965d140c6e13a2992b687974a75dcfe10a6f384a44,83e69601f132442d93743d41eefb6d12ad5714606f9eaaed9562c54b3583287b,720be3a827e1f4c66129906cd3d5617d79dcb42ccd01e37682e7798aa8b0abf2,D:\RL-Physics\Selective ablation\TD3 Confirmatory\TD3_A1_A4_Confirmatory_HistoricalBudget\TD3_A4_MS03\TD3_A4_MS03_Training_Stats_v13_6.mat
ablation,TD3_A4_MS03,final_test,raw_mat/ablation/TD3_A4_MS03/final_test.mat,530720,b3ae05e2d44b21c58ee7d343489578c0ec2a2d820f6c342fa08e34372d6facd5,b3ae05e2d44b21c58ee7d343489578c0ec2a2d820f6c342fa08e34372d6facd5,702c3aff8e153bfd3111b2965d140c6e13a2992b687974a75dcfe10a6f384a44,83e69601f132442d93743d41eefb6d12ad5714606f9eaaed9562c54b3583287b,720be3a827e1f4c66129906cd3d5617d79dcb42ccd01e37682e7798aa8b0abf2,D:\RL-Physics\Selective ablation\TD3 Confirmatory\TD3_A1_A4_Confirmatory_HistoricalBudget\TD3_A4_MS03\TD3_A4_MS03_FinalTest_v13_6.mat
ablation,TD3_A4_MS05,training_stats,raw_mat/ablation/TD3_A4_MS05/training_stats.mat,439005,d8ae6d46afceeb2b37ca26ef1ac9729e6e84143764ae3569e48863c01858be98,d8ae6d46afceeb2b37ca26ef1ac9729e6e84143764ae3569e48863c01858be98,702c3aff8e153bfd3111b2965d140c6e13a2992b687974a75dcfe10a6f384a44,83e69601f132442d93743d41eefb6d12ad5714606f9eaaed9562c54b3583287b,720be3a827e1f4c66129906cd3d5617d79dcb42ccd01e37682e7798aa8b0abf2,D:\RL-Physics\Selective ablation\TD3 Confirmatory\TD3_A1_A4_Confirmatory_HistoricalBudget\TD3_A4_MS05\TD3_A4_MS05_Training_Stats_v13_6.mat
ablation,TD3_A4_MS05,final_test,raw_mat/ablation/TD3_A4_MS05/final_test.mat,583534,bda82d83662fc413b1bedc49a94d2315dbbb7a53802c36bcd63dd60ef13cba33,bda82d83662fc413b1bedc49a94d2315dbbb7a53802c36bcd63dd60ef13cba33,702c3aff8e153bfd3111b2965d140c6e13a2992b687974a75dcfe10a6f384a44,83e69601f132442d93743d41eefb6d12ad5714606f9eaaed9562c54b3583287b,720be3a827e1f4c66129906cd3d5617d79dcb42ccd01e37682e7798aa8b0abf2,D:\RL-Physics\Selective ablation\TD3 Confirmatory\TD3_A1_A4_Confirmatory_HistoricalBudget\TD3_A4_MS05\TD3_A4_MS05_FinalTest_v13_6.mat
