algorithm,arm,seed,pathLength_all,pathLength_success,directness_all,directness_success,minimumClearance_all,minimumClearance_success,controlEffort_all,controlEffort_success,actionVariation_all,actionVariation_success,actionSaturationRate_all,actionSaturationRate_success
DDPG,GF,4,24.777840374245937,24.777840374245937,0.9160887416434237,0.9160887416434237,0.11993470679748285,0.11993470679748285,26.574417932682174,26.574417932682174,490.76800178968784,490.76800178968784,0.43026200747764787,0.43026200747764787
DDPG,PG,1,14.964264460052574,22.96841336418651,nan,0.993735435712779,0.10948372549596232,0.19494696544728066,11.270749633649698,16.04054200573458,99.82715122591843,104.16051033788695,0.41952684607674456,0.47976802881154734
DDPG,PG,2,24.707112051409066,24.707112051409066,0.9186998983618658,0.9186998983618658,0.250561041641349,0.250561041641349,11.615087181067734,11.615087181067734,77.36568294261673,77.36568294261673,0.13882221174221915,0.13882221174221915
DDPG,PG,3,23.381385653646092,23.381385653646092,0.9707819190191156,0.9707819190191156,0.2066824554697908,0.2066824554697908,16.588338749891662,16.588338749891662,380.13475718804995,380.13475718804995,0.26829194844221416,0.26829194844221416
DDPG,PG,4,24.06746931998464,24.06746931998464,0.9432846816572295,0.9432846816572295,0.24101797512086426,0.24101797512086426,14.458396192693908,14.458396192693908,96.1765617976103,96.1765617976103,0.1910810578543848,0.1910810578543848
DDPG,PG,5,23.552259587374113,23.552259587374113,0.9637434285293147,0.9637434285293147,0.14504350544935157,0.14504350544935157,15.6016802809404,15.6016802809404,64.04323252648743,64.04323252648743,0.26068216207301836,0.26068216207301836
SAC,GF,1,23.183231340391778,23.183231340391778,0.9790318056868591,0.9790318056868591,0.13269051523186276,0.13269051523186276,6.972219902807421,6.972219902807421,38.61719405378172,38.61719405378172,0,0
SAC,GF,2,23.187461075427485,23.187461075427485,0.9788762518006738,0.9788762518006738,0.2585765152112833,0.2585765152112833,5.929373983241211,5.929373983241211,2.8676519842121135,2.8676519842121135,0,0
SAC,GF,4,23.08958252809461,23.08958252809461,0.9824689796159192,0.9824689796159192,0.16471484013280088,0.16471484013280088,6.012252194144196,6.012252194144196,16.645933177996103,16.645933177996103,0,0
SAC,GF,5,23.50540941560293,23.50540941560293,0.9657685163418227,0.9657685163418227,0.24701070780365136,0.24701070780365136,7.378866099943257,7.378866099943257,30.0439549919115,30.0439549919115,0,0
SAC,PG,1,23.053158497817783,23.053158497817783,0.9840472861821347,0.9840472861821347,0.17057374475200432,0.17057374475200432,4.540754507989298,4.540754507989298,4.874171208591878,4.874171208591878,0,0
SAC,PG,3,28.065793319977455,28.065793319977455,0.8087085351062376,0.8087085351062376,0.17396678384897063,0.17396678384897063,8.295900933819109,8.295900933819109,61.176999690095975,61.176999690095975,0,0
SAC,PG,5,23.791447132909827,24.348638878336136,nan,0.932904218946668,0.04438891863384962,0.04592016308843111,8.367087997144923,8.535022816142984,63.626693110053,64.94580040158186,0,0
TD3,GF,1,22.96779666589332,22.96779666589332,0.9865986363040637,0.9865986363040637,0.22180644137248226,0.22180644137248226,15.982377744018276,15.982377744018276,66.45543977728505,66.45543977728505,0.4546383398319569,0.4546383398319569
TD3,GF,3,23.50295735617006,23.50295735617006,0.9658114970869623,0.9658114970869623,0.16783577551302548,0.16783577551302548,12.006727479578982,12.006727479578982,7.584282819706206,7.584282819706206,0.3509375859626737,0.3509375859626737
TD3,GF,4,23.200927857392255,23.200927857392255,0.978377448669013,0.978377448669013,0.18264047950815923,0.18264047950815923,12.104251232075478,12.104251232075478,8.264542967759166,8.264542967759166,0.3132237831256232,0.3132237831256232
TD3,GF,5,23.11951856272634,23.11951856272634,0.9817372962863182,0.9817372962863182,0.16216943213602925,0.16216943213602925,11.32547458881594,11.32547458881594,24.885508873291307,24.885508873291307,0.25672710285928046,0.25672710285928046
TD3,PG,1,23.179468939968903,23.179468939968903,0.9791531557088258,0.9791531557088258,0.23525581305723356,0.23525581305723356,14.431382380637917,14.431382380637917,8.057630279982547,8.057630279982547,0.49256087628301776,0.49256087628301776
TD3,PG,2,23.113317690887,23.113317690887,0.9814809627666842,0.9814809627666842,0.28887565059512055,0.28887565059512055,8.269890059993378,8.269890059993378,12.326566832809549,12.326566832809549,0.15677750900950282,0.15677750900950282
TD3,PG,3,19.923853633544294,23.342296646666476,nan,0.9744542209811404,0.14056238949248837,0.1947428411316231,9.361695955302515,10.509339069216256,11.227921927859793,11.070991711692182,0.14182700293484596,0.11608517786017758
TD3,PG,4,23.4627065290411,23.4627065290411,0.9674814843569673,0.9674814843569673,0.1685324104676827,0.1685324104676827,11.194607809312286,11.194607809312286,13.199002354800614,13.199002354800614,0.2328950728613466,0.2328950728613466
TD3,PG,5,23.339818830982868,23.339818830982868,0.973167824699712,0.973167824699712,0.1575054792628998,0.1575054792628998,8.96748903058722,8.96748903058722,15.73268331121513,15.73268331121513,0.08264205780324103,0.08264205780324103
