algorithm,ablation,seed,FullPG,Ai,delta_pct
DDPG,A1,1,509729,581861,14.15104889068505
DDPG,A1,3,448874,600966,33.88300503036487
DDPG,A2,1,509729,497507,-2.3977446839398975
DDPG,A2,3,448874,477033,6.2732526276861655
DDPG,A2,5,518834,418561,-19.326605426783903
DDPG,A4,1,509729,533697,4.7021064134079085
DDPG,A4,3,448874,940627,109.55256931789322
SAC,A1,1,313320,367397,17.25935146176433
SAC,A1,3,421154,320085,-23.998109955028326
SAC,A2,1,313320,351762,12.269245499808502
SAC,A2,3,421154,359212,-14.707684125046894
SAC,A2,5,286412,275921,-3.662905185536919
SAC,A3,3,421154,408339,-3.0428299386922597
SAC,A3,5,286412,312967,9.271608731477732
SAC,A4,3,421154,439855,4.440418469253527
SAC,A4,5,286412,282792,-1.2639135231764032
TD3,A1,1,288132,310643,7.812738605916732
TD3,A1,3,356711,398743,11.783208255422457
TD3,A2,1,288132,300846,4.4125609095831075
TD3,A2,3,356711,347227,-2.6587349422922197
TD3,A2,5,545149,442135,-18.896485181115622
TD3,A3,1,288132,345400,19.875612566462593
TD3,A4,1,288132,511757,77.61199727902489
TD3,A4,3,356711,537449,50.66790763391092
TD3,A4,5,545149,285132,-47.696501323491376
