algorithm,arm,seed,highest_attempted,highest_mastered,final_test_performed,episodes,interactions,test_n,test_success_pct,status,stats_sha256,test_sha256,scenario_bank_sha256,config_sha256
DDPG,GF,1,1,0,0,600,148523,0,,mastery failed,9c457398d421b059697b663393863dfab0d8bad2f704e57f504b5f8f3ae41315,89500c762e83f9b9f0941994a0e47ea058c222202726e674cb6cd217c1caa9e7,,8a0a30675995ab320b9e98804e1640ad81bac0e848be47098c5c3d7897d52110
DDPG,GF,2,1,0,0,600,152001,0,,mastery failed,2b6f81c4ddbffdd27d6cee66d390d9e45b54db31c194c069c88bdb99c36abb52,c60afe0bcce64c084e8cf601cb44712c367fcea45fc46f6883b9030833c008aa,,8a0a30675995ab320b9e98804e1640ad81bac0e848be47098c5c3d7897d52110
DDPG,GF,3,1,0,0,600,118839,0,,mastery failed,8b089269e9b788218dd4277bc06c2c0c34404d249fce79df2907fb740f7b15b6,5ee33ed362055a9bbb4c33321ad1cca6b426ed8b0eea85ffb8123000295f0c26,,8a0a30675995ab320b9e98804e1640ad81bac0e848be47098c5c3d7897d52110
DDPG,GF,4,10,10,1,5480,1226003,100,100.0,complete mastered,3d426d70716b728813eb186201bcacf07191a2305210f5c0873f846bbf554642,bfa64fb45648dbfa5ac6729a6e459ca88310d67c8ed471697c6282089c8ea191,702c3aff8e153bfd3111b2965d140c6e13a2992b687974a75dcfe10a6f384a44,8a0a30675995ab320b9e98804e1640ad81bac0e848be47098c5c3d7897d52110
DDPG,GF,5,1,0,0,600,110685,0,,mastery failed,e46eec8c0a7f51f33e691fdbaef161078d5632d6fc593ed01df149e2cab826b6,a91b607f78a81a9382320abd87da9615c653fde48c83f7ab98316dcbb0ecb3b8,,8a0a30675995ab320b9e98804e1640ad81bac0e848be47098c5c3d7897d52110
DDPG,PG,1,10,10,1,3800,509729,100,59.0,complete mastered,0bea1ae06dbf26369ba498429c9eb6309f47804e97e6c89b3e708126ecb60ba4,a7b87105e3fd6ff5770598aa23efd3083698fc1a4a70df9d9a583a55634e2737,702c3aff8e153bfd3111b2965d140c6e13a2992b687974a75dcfe10a6f384a44,8a0a30675995ab320b9e98804e1640ad81bac0e848be47098c5c3d7897d52110
DDPG,PG,2,10,10,1,4140,640310,100,100.0,complete mastered,52c09c6371aa14f9ecc9751af380262e643ce83984aee03aac11faffb7d33013,a77c0249099275b259e0e1f7436e5ec0fb7e060312bed69844d8be7df2e84c04,702c3aff8e153bfd3111b2965d140c6e13a2992b687974a75dcfe10a6f384a44,8a0a30675995ab320b9e98804e1640ad81bac0e848be47098c5c3d7897d52110
DDPG,PG,3,10,10,1,3450,448874,100,100.0,complete mastered,c4d4c054c544d94e4b8e51e594998f6b2cd4ee3b6247e2243cbaa47cc3f3ee0b,031d47e861a4dc000f09d129ea4e30c2d6ebd7a458508ae19c9b10fee1048752,702c3aff8e153bfd3111b2965d140c6e13a2992b687974a75dcfe10a6f384a44,8a0a30675995ab320b9e98804e1640ad81bac0e848be47098c5c3d7897d52110
DDPG,PG,4,10,10,1,4710,592878,100,100.0,complete mastered,97fb708fc9c4ad2194ec707984dde2249790b919c7c73c9106aec16c10520867,7ccbd7039475218c9db060169aa45b296f1cdb7585c2e706a0305a1ec6b970f3,702c3aff8e153bfd3111b2965d140c6e13a2992b687974a75dcfe10a6f384a44,8a0a30675995ab320b9e98804e1640ad81bac0e848be47098c5c3d7897d52110
DDPG,PG,5,10,10,1,4320,518834,100,100.0,complete mastered,2d5914b6b55b39d7402ca1f717a1cddc789635fff640385d5e098afe87a6aa34,2affcf5f3abaf8d09b944e785e2f5b9c5f51687da9f723c976d206efd5cab251,702c3aff8e153bfd3111b2965d140c6e13a2992b687974a75dcfe10a6f384a44,8a0a30675995ab320b9e98804e1640ad81bac0e848be47098c5c3d7897d52110
SAC,GF,1,10,10,1,2580,371712,100,100.0,complete mastered,b6ee536a8e829a79864e0bdfa4f26b7f045ca645a8c6e9dbeb6b166954019ae2,e75c4578861cda22f2fddc1bc9dfbee59b2fe3406f0ce2fab473e33531143c11,702c3aff8e153bfd3111b2965d140c6e13a2992b687974a75dcfe10a6f384a44,42d51ed3712f410914e37a0195aa61790e4cb3c5a981c5283c4087ec7d7b4f80
SAC,GF,2,10,10,1,2580,347179,100,100.0,complete mastered,b53e4510a0cd5d5db30faf640ce61244af805cd16cee0e541f67029e5648cb46,0c17e1e84251e71bf190e4f8a7d4511893d453b658bbae858fe9bd75d9091309,702c3aff8e153bfd3111b2965d140c6e13a2992b687974a75dcfe10a6f384a44,42d51ed3712f410914e37a0195aa61790e4cb3c5a981c5283c4087ec7d7b4f80
SAC,GF,3,10,9,0,3900,722833,0,,mastery failed,1eef5236dc2a2f852265043a69ed96b16ee925f7c3a2436a38b419d697230ed7,2eda80dbf272052e515258fee29e201e50ec52b7d3ed14a14bcea431645ffabd,,42d51ed3712f410914e37a0195aa61790e4cb3c5a981c5283c4087ec7d7b4f80
SAC,GF,4,10,10,1,2980,410398,100,100.0,complete mastered,3e66d19ca280e75ea33fe7cb24dc262375c6274d0950de364c765478d06fa0e6,1d23431b8e9a6c733962d3accd0a9a5c4c242b820da516b7089ee692f6bd0ca5,702c3aff8e153bfd3111b2965d140c6e13a2992b687974a75dcfe10a6f384a44,42d51ed3712f410914e37a0195aa61790e4cb3c5a981c5283c4087ec7d7b4f80
SAC,GF,5,10,10,1,2580,352213,100,100.0,complete mastered,5830243990c4e93b1c8b9e28b04798fdc369229f6e8aeaad76ebec2e583f5b92,e5e3eff4fcac0f89aacace321114c698eb7136a43004ccef56b5ba0351c89dc5,702c3aff8e153bfd3111b2965d140c6e13a2992b687974a75dcfe10a6f384a44,42d51ed3712f410914e37a0195aa61790e4cb3c5a981c5283c4087ec7d7b4f80
SAC,PG,1,10,10,1,2600,313320,100,100.0,complete mastered,cd3d747f1f4282778a449d70459ac320d2a5a6fd850f625801c96dcefc9160bb,d57ba71c8d499ceead6eb890b1560b3ed48f9853f87a30dd459f5ea1de80806d,702c3aff8e153bfd3111b2965d140c6e13a2992b687974a75dcfe10a6f384a44,e6b30dffee30c2fa6f85148d23c0d1cbebc8bf9c0bd885bea90c2ae2a65ec3e1
SAC,PG,2,10,9,0,3660,506878,0,,mastery failed,87c76dd2ec576306b48de2fadf8b8b3c8f236da616678a53c87e10e2bc57add9,01128f690d873a9be907870e17182796304cde6b5215190ec029b9379ad26f1b,,e6b30dffee30c2fa6f85148d23c0d1cbebc8bf9c0bd885bea90c2ae2a65ec3e1
SAC,PG,3,10,10,1,2980,421154,100,100.0,complete mastered,eb78143e479de44d75ad8712310aa7f4b12cb12a67520b450bb39e49ce2df49e,893fe823e0888b94c958a1f03de8f24962cefa292c24821d5b88b1c28688fb12,702c3aff8e153bfd3111b2965d140c6e13a2992b687974a75dcfe10a6f384a44,e6b30dffee30c2fa6f85148d23c0d1cbebc8bf9c0bd885bea90c2ae2a65ec3e1
SAC,PG,4,10,9,0,4380,464649,0,,mastery failed,00e7060f46ebe24af528c9086ab9db87fb739e6d6b8f73a8a93ec585f62fe78c,2b8398ba63ce771f9be3d9bcc7ed7e4e26b60e902f2c5ca4e804b84e4ded6a08,,e6b30dffee30c2fa6f85148d23c0d1cbebc8bf9c0bd885bea90c2ae2a65ec3e1
SAC,PG,5,10,10,1,2960,286412,100,97.0,complete mastered,1b8fe862d62eb41d674d44bca22bf6e4823d1cee8cc911fa90ff12282c063bf0,2ae30452ee53e12e3fec96d74e14902ae0b8901cf24c67524b7f3b21a1018680,702c3aff8e153bfd3111b2965d140c6e13a2992b687974a75dcfe10a6f384a44,e6b30dffee30c2fa6f85148d23c0d1cbebc8bf9c0bd885bea90c2ae2a65ec3e1
TD3,GF,1,10,10,1,3240,487336,100,100.0,complete mastered,415e52b9e36ba83befaf3a96248f87c7125dfb16ce3f2a1f0ea8dd776bfb0660,12e64d9ac3a800c861d248adc28005f5e17ad7486a3b3be2e1e7f7d8d91a698d,702c3aff8e153bfd3111b2965d140c6e13a2992b687974a75dcfe10a6f384a44,c6f627bc1af6ec5884058bc43b26e31704e9fb77361c58fb4ac16034d6cd2b9d
TD3,GF,2,1,0,0,600,124985,0,,mastery failed,9634e11b88c5f0e45221664861b785c8306d4f6fc7230f925db57fd68d31d217,af93cb112c82f96bbcc556ddbc6a4ddb4a4e409b1bde815dd3761446c05ea271,,c6f627bc1af6ec5884058bc43b26e31704e9fb77361c58fb4ac16034d6cd2b9d
TD3,GF,3,10,10,1,3430,495378,100,100.0,complete mastered,2c77cdbbf4ba752c6809d7016d17abe6e97909224cff4f3e277e2d2235455cd6,5314657d9e4739066fbd4b9807b6133aaebf8a2ac4385e80f32959920d90abd1,702c3aff8e153bfd3111b2965d140c6e13a2992b687974a75dcfe10a6f384a44,c6f627bc1af6ec5884058bc43b26e31704e9fb77361c58fb4ac16034d6cd2b9d
TD3,GF,4,10,10,1,3420,519051,100,100.0,complete mastered,28e1860950c820be13d150021af34387d5f7a0cb57ddcd4bbabcb72caf7e5c5b,e02b88a257b4bac5047620d0850b2b3be66c774004f745fdb824351cb39a0232,702c3aff8e153bfd3111b2965d140c6e13a2992b687974a75dcfe10a6f384a44,c6f627bc1af6ec5884058bc43b26e31704e9fb77361c58fb4ac16034d6cd2b9d
TD3,GF,5,10,10,1,3020,424946,100,100.0,complete mastered,65056cc71d0b9f679859202c1106b2f8aca9756e44c4fa9d72419e1d8745d21f,3b0e2e7f97c717574aeb8468782e82c8f3c7a80063575f264803bdd3fec964f8,702c3aff8e153bfd3111b2965d140c6e13a2992b687974a75dcfe10a6f384a44,c6f627bc1af6ec5884058bc43b26e31704e9fb77361c58fb4ac16034d6cd2b9d
TD3,PG,1,10,10,1,2800,288132,100,100.0,complete mastered,f258449e0b7e362f29275f593fed43747b53f2d53d6996f5150f50665e782809,fde548a4af4e3ee3efc24ef8b237df9916deb16813ec292b581237d09660c16f,702c3aff8e153bfd3111b2965d140c6e13a2992b687974a75dcfe10a6f384a44,720be3a827e1f4c66129906cd3d5617d79dcb42ccd01e37682e7798aa8b0abf2
TD3,PG,2,10,10,1,3540,353602,100,100.0,complete mastered,1b317e65e952b7b8a43025f45760fe697fc51b7e4b45e27415297562559d4239,6c252d1315a784afebfb0b7b698bacb8da87a1ec156e2fbb3253273ef65eec0d,702c3aff8e153bfd3111b2965d140c6e13a2992b687974a75dcfe10a6f384a44,720be3a827e1f4c66129906cd3d5617d79dcb42ccd01e37682e7798aa8b0abf2
TD3,PG,3,10,10,1,3170,356711,100,76.0,complete mastered,07492ce7f694ea225283aa0f7eaff166c118b819ad98aa92f5f33129be734dbc,066170a910485151824bd8196b086c9a91d565c20ecc6dff7bcfcfd969da9b80,702c3aff8e153bfd3111b2965d140c6e13a2992b687974a75dcfe10a6f384a44,720be3a827e1f4c66129906cd3d5617d79dcb42ccd01e37682e7798aa8b0abf2
TD3,PG,4,10,10,1,3200,371421,100,100.0,complete mastered,b6286ededf0425f0e8e9d2ea555103788feccc4fda32ad356e3ede44b6038c18,0a69154c36c9707e8332ef4614037fef1f9861e9a5b92ec815780deca9817517,702c3aff8e153bfd3111b2965d140c6e13a2992b687974a75dcfe10a6f384a44,720be3a827e1f4c66129906cd3d5617d79dcb42ccd01e37682e7798aa8b0abf2
TD3,PG,5,10,10,1,3970,545149,100,100.0,complete mastered,fbfaa4b05bd60f4466369723b8e1ea16f8ad07afdc220313c59f9c3c3926cd03,06ca4f5f0aa58a70878c639f79fff30f1ce1da61dc800f55a18ad36e452e5be0,702c3aff8e153bfd3111b2965d140c6e13a2992b687974a75dcfe10a6f384a44,720be3a827e1f4c66129906cd3d5617d79dcb42ccd01e37682e7798aa8b0abf2
